trade_date,strategy,action,ts_code,score
20250116,lstm_buffer_risk,buy,603106.SH,0.01207153033465147
20250116,lstm_buffer_risk,buy,603637.SH,0.010019822977483273
20250116,lstm_buffer_risk,buy,300341.SZ,0.008986607193946838
20250116,lstm_buffer_risk,buy,300539.SZ,0.008053411729633808
20250116,lstm_buffer_risk,buy,002366.SZ,0.007966957986354828
20250116,lstm_buffer_risk,buy,300266.SZ,0.00766522902995348
20250116,lstm_buffer_risk,buy,600481.SH,0.006914522498846054
20250116,lstm_buffer_risk,buy,601777.SH,0.006901322863996029
20250116,lstm_buffer_risk,buy,002798.SZ,0.0067908307537436485
20250116,lstm_buffer_risk,buy,300534.SZ,0.006717410869896412
20250117,lstm_buffer_risk,sell,002366.SZ,0.0026279669255018234
20250117,lstm_buffer_risk,sell,300539.SZ,0.002881442429497838
20250117,lstm_buffer_risk,sell,603637.SH,0.0038794628344476223
20250117,lstm_buffer_risk,buy,002134.SZ,0.009931196458637714
20250117,lstm_buffer_risk,buy,603779.SH,0.007256932556629181
20250117,lstm_buffer_risk,buy,603005.SH,0.0070729935541749
20250120,lstm_buffer_risk,sell,300266.SZ,-2.9594171792268753e-05
20250120,lstm_buffer_risk,sell,601777.SH,0.00011917809024453163
20250120,lstm_buffer_risk,sell,300534.SZ,0.0008350133430212736
20250120,lstm_buffer_risk,buy,603808.SH,0.008840559050440788
20250120,lstm_buffer_risk,buy,300037.SZ,0.007186424918472767
20250120,lstm_buffer_risk,buy,002109.SZ,0.006256221793591976
20250121,lstm_buffer_risk,sell,603779.SH,-0.0023843832314014435
20250121,lstm_buffer_risk,sell,002798.SZ,-0.0016529210843145847
20250121,lstm_buffer_risk,sell,002134.SZ,0.0008350133430212736
20250121,lstm_buffer_risk,buy,002177.SZ,0.0059321606531739235
20250121,lstm_buffer_risk,buy,002119.SZ,0.0050254100933671
20250121,lstm_buffer_risk,buy,002931.SZ,0.004982674494385719
20250122,lstm_buffer_risk,sell,002109.SZ,0.00036087067564949393
20250122,lstm_buffer_risk,sell,600481.SH,0.0008350133430212736
20250122,lstm_buffer_risk,sell,300341.SZ,0.0008350133430212736
20250122,lstm_buffer_risk,buy,002062.SZ,0.011219678446650505
20250122,lstm_buffer_risk,buy,002599.SZ,0.009894330985844135
20250122,lstm_buffer_risk,buy,002278.SZ,0.006778360344469547
20250123,lstm_buffer_risk,sell,002931.SZ,0.0011450655292719603
20250123,lstm_buffer_risk,sell,002062.SZ,0.0012779940152540803
20250123,lstm_buffer_risk,sell,603106.SH,0.001873430097475648
20250123,lstm_buffer_risk,buy,002090.SZ,0.008669043891131878
20250123,lstm_buffer_risk,buy,600708.SH,0.008136088959872723
20250123,lstm_buffer_risk,buy,002647.SZ,0.00794568844139576
20250124,lstm_buffer_risk,sell,002119.SZ,0.0011629995424300432
20250124,lstm_buffer_risk,sell,002278.SZ,0.0022974065504968166
20250124,lstm_buffer_risk,sell,002647.SZ,0.0026678857393562794
20250124,lstm_buffer_risk,buy,600963.SH,0.013595202937722206
20250124,lstm_buffer_risk,buy,600718.SH,0.012837362475693226
20250124,lstm_buffer_risk,buy,603936.SH,0.011258077807724476
20250127,lstm_buffer_risk,sell,603005.SH,-0.0003300192765891552
20250127,lstm_buffer_risk,sell,002177.SZ,0.0011711081024259329
20250127,lstm_buffer_risk,sell,002599.SZ,0.0013993667671456933
20250127,lstm_buffer_risk,buy,000620.SZ,0.01097432617098093
20250127,lstm_buffer_risk,buy,002310.SZ,0.009953274391591549
20250127,lstm_buffer_risk,buy,603998.SH,0.008837542496621609
20250205,lstm_buffer_risk,sell,300037.SZ,0.0005330192507244647
20250205,lstm_buffer_risk,sell,002090.SZ,0.0007397265871986747
20250205,lstm_buffer_risk,sell,600708.SH,0.0014681387692689896
20250205,lstm_buffer_risk,buy,300241.SZ,0.010424980893731117
20250205,lstm_buffer_risk,buy,300232.SZ,0.009292151778936386
20250205,lstm_buffer_risk,buy,002591.SZ,0.008692906238138676
20250206,lstm_buffer_risk,sell,600963.SH,-0.007136515341699123
20250206,lstm_buffer_risk,sell,603936.SH,-0.0058219656348228455
20250206,lstm_buffer_risk,sell,600718.SH,-0.005219826474785805
20250206,lstm_buffer_risk,buy,603286.SH,0.011204744689166546
20250206,lstm_buffer_risk,buy,002671.SZ,0.010259773582220078
20250206,lstm_buffer_risk,buy,600576.SH,0.010046922601759434
20250207,lstm_buffer_risk,sell,300241.SZ,-0.004833042621612549
20250207,lstm_buffer_risk,sell,002591.SZ,-0.0020318422466516495
20250207,lstm_buffer_risk,sell,002310.SZ,-0.0015456986147910357
20250207,lstm_buffer_risk,buy,600261.SH,0.006992165930569172
20250207,lstm_buffer_risk,buy,603669.SH,0.0066246287897229195
20250207,lstm_buffer_risk,buy,000802.SZ,0.006339460611343384
20250210,lstm_buffer_risk,sell,603998.SH,-0.0006711678579449654
20250210,lstm_buffer_risk,sell,603669.SH,-0.0001157047227025032
20250210,lstm_buffer_risk,sell,603808.SH,0.00017775309970602393
20250210,lstm_buffer_risk,buy,603278.SH,0.013116703368723392
20250210,lstm_buffer_risk,buy,002377.SZ,0.011212877929210663
20250210,lstm_buffer_risk,buy,603528.SH,0.010296151041984558
20250211,lstm_buffer_risk,sell,002377.SZ,-0.0001236751559190452
20250211,lstm_buffer_risk,sell,000620.SZ,0.0005668580997735262
20250211,lstm_buffer_risk,sell,002671.SZ,0.0020917574875056744
20250211,lstm_buffer_risk,buy,603618.SH,0.010530058294534683
20250211,lstm_buffer_risk,buy,000779.SZ,0.010286891832947731
20250211,lstm_buffer_risk,buy,000520.SZ,0.008802870288491249
20250212,lstm_buffer_risk,sell,000520.SZ,0.0012816374655812979
20250212,lstm_buffer_risk,sell,603286.SH,0.0014394918689504266
20250212,lstm_buffer_risk,sell,600261.SH,0.0015595240984112024
20250212,lstm_buffer_risk,buy,000925.SZ,0.013035797514021397
20250212,lstm_buffer_risk,buy,002632.SZ,0.011862282641232014
20250212,lstm_buffer_risk,buy,002795.SZ,0.009827467612922192
20250213,lstm_buffer_risk,sell,300232.SZ,-0.0005335204768925905
20250213,lstm_buffer_risk,sell,603528.SH,-9.222293738275766e-05
20250213,lstm_buffer_risk,sell,000779.SZ,0.0001318473950959742
20250213,lstm_buffer_risk,buy,603660.SH,0.015164406038820744
20250213,lstm_buffer_risk,buy,002052.SZ,0.012731014750897884
20250213,lstm_buffer_risk,buy,002350.SZ,0.008656280115246773
20250214,lstm_buffer_risk,sell,603278.SH,-0.0017727778758853674
20250214,lstm_buffer_risk,sell,600576.SH,-0.0001070310827344656
20250214,lstm_buffer_risk,sell,002795.SZ,0.0004214794607833028
20250214,lstm_buffer_risk,buy,600386.SH,0.014253339730203152
20250214,lstm_buffer_risk,buy,603333.SH,0.012944936752319336
20250214,lstm_buffer_risk,buy,300440.SZ,0.011723772622644901
20250217,lstm_buffer_risk,sell,000802.SZ,-0.002182736061513424
20250217,lstm_buffer_risk,sell,000925.SZ,0.00014874874614179134
20250217,lstm_buffer_risk,sell,300440.SZ,0.0005114038940519094
20250217,lstm_buffer_risk,buy,601789.SH,0.018893510103225708
20250217,lstm_buffer_risk,buy,000677.SZ,0.009795119054615498
20250217,lstm_buffer_risk,buy,000953.SZ,0.008906289935112
20250218,lstm_buffer_risk,sell,603618.SH,0.0005725283408537507
20250218,lstm_buffer_risk,sell,002350.SZ,0.0006825752789154649
20250218,lstm_buffer_risk,sell,603660.SH,0.001008397899568081
20250218,lstm_buffer_risk,buy,603300.SH,0.013734618201851845
20250218,lstm_buffer_risk,buy,603636.SH,0.010556099005043507
20250218,lstm_buffer_risk,buy,002146.SZ,0.0088240010663867
20250219,lstm_buffer_risk,sell,002146.SZ,-0.006770552136003971
20250219,lstm_buffer_risk,sell,603636.SH,0.002862317953258753
20250219,lstm_buffer_risk,sell,603300.SH,0.0030980927404016256
20250219,lstm_buffer_risk,buy,300239.SZ,0.016613809391856194
20250219,lstm_buffer_risk,buy,000788.SZ,0.01267416775226593
20250219,lstm_buffer_risk,buy,600829.SH,0.012662336230278015
20250220,lstm_buffer_risk,sell,000677.SZ,0.00012644333764910698
20250220,lstm_buffer_risk,sell,002632.SZ,0.0002804018440656364
20250220,lstm_buffer_risk,sell,600386.SH,0.0011963141150772572
20250220,lstm_buffer_risk,buy,601116.SH,0.018305223435163498
20250220,lstm_buffer_risk,buy,601616.SH,0.009536181576550007
20250220,lstm_buffer_risk,buy,002474.SZ,0.008385787717998028
20250221,lstm_buffer_risk,sell,000788.SZ,0.0016520265489816666
20250221,lstm_buffer_risk,sell,000953.SZ,0.0018879917915910482
20250221,lstm_buffer_risk,sell,300239.SZ,0.0018903011223301291
20250221,lstm_buffer_risk,buy,603848.SH,0.012529226951301098
20250221,lstm_buffer_risk,buy,002908.SZ,0.01232482586055994
20250221,lstm_buffer_risk,buy,603528.SH,0.010861891321837902
20250224,lstm_buffer_risk,sell,603333.SH,5.326676182448864e-05
20250224,lstm_buffer_risk,sell,002474.SZ,0.000552867422811687
20250224,lstm_buffer_risk,sell,002052.SZ,0.0006387392641045153
20250224,lstm_buffer_risk,buy,002571.SZ,0.009502189233899117
20250224,lstm_buffer_risk,buy,002524.SZ,0.008481870405375957
20250224,lstm_buffer_risk,buy,002490.SZ,0.008015011437237263
20250225,lstm_buffer_risk,sell,603528.SH,-0.0007002810016274452
20250225,lstm_buffer_risk,sell,601616.SH,-2.1523155737668276e-05
20250225,lstm_buffer_risk,sell,600829.SH,0.0011295299045741558
20250225,lstm_buffer_risk,buy,603007.SH,0.014506393112242222
20250225,lstm_buffer_risk,buy,603315.SH,0.01137682143598795
20250225,lstm_buffer_risk,buy,603618.SH,0.010181213729083538
20250226,lstm_buffer_risk,sell,002490.SZ,0.0005516967503353953
20250226,lstm_buffer_risk,sell,603848.SH,0.0015045778127387166
20250226,lstm_buffer_risk,sell,601116.SH,0.002084502950310707
20250226,lstm_buffer_risk,buy,002427.SZ,0.01163248997181654
20250226,lstm_buffer_risk,buy,601177.SH,0.009876999072730541
20250226,lstm_buffer_risk,buy,600509.SH,0.0072272662073373795
20250227,lstm_buffer_risk,sell,601789.SH,-8.490739855915308e-05
20250227,lstm_buffer_risk,sell,603618.SH,0.0006123559433035553
20250227,lstm_buffer_risk,sell,603315.SH,0.001481429673731327
20250227,lstm_buffer_risk,buy,002298.SZ,0.012930535711348057
20250227,lstm_buffer_risk,buy,002264.SZ,0.00904275756329298
20250227,lstm_buffer_risk,buy,300158.SZ,0.007840742357075214
20250228,lstm_buffer_risk,sell,603007.SH,-0.002775799483060837
20250228,lstm_buffer_risk,sell,002264.SZ,-0.0007781883468851447
20250228,lstm_buffer_risk,sell,002298.SZ,0.0006513847038149834
20250228,lstm_buffer_risk,buy,603626.SH,0.011708809994161129
20250228,lstm_buffer_risk,buy,002067.SZ,0.010151196271181107
20250228,lstm_buffer_risk,buy,603703.SH,0.008288081735372543
20250303,lstm_buffer_risk,sell,002524.SZ,0.0021808568853884935
20250303,lstm_buffer_risk,sell,600509.SH,0.0024079764261841774
20250303,lstm_buffer_risk,sell,002427.SZ,0.0026827510446310043
20250303,lstm_buffer_risk,buy,002133.SZ,0.01326143927872181
20250303,lstm_buffer_risk,buy,300365.SZ,0.012097460217773914
20250303,lstm_buffer_risk,buy,002712.SZ,0.011473390273749828
20250304,lstm_buffer_risk,sell,300158.SZ,0.0008281152113340795
20250304,lstm_buffer_risk,sell,002571.SZ,0.0008643922628834844
20250304,lstm_buffer_risk,sell,300365.SZ,0.0013310241047292948
20250304,lstm_buffer_risk,buy,002616.SZ,0.017379971221089363
20250304,lstm_buffer_risk,buy,002692.SZ,0.01554497517645359
20250304,lstm_buffer_risk,buy,000570.SZ,0.010404692031443119
20250305,lstm_buffer_risk,sell,002067.SZ,0.001415136968716979
20250305,lstm_buffer_risk,sell,601177.SH,0.001878215465694666
20250305,lstm_buffer_risk,sell,002908.SZ,0.0019032370764762163
20250305,lstm_buffer_risk,buy,300195.SZ,0.010676168836653233
20250305,lstm_buffer_risk,buy,002298.SZ,0.010110813193023205
20250305,lstm_buffer_risk,buy,603985.SH,0.009328818880021572
20250306,lstm_buffer_risk,sell,002692.SZ,0.0003635829780250788
20250306,lstm_buffer_risk,sell,603703.SH,0.0022726538591086864
20250306,lstm_buffer_risk,sell,002133.SZ,0.0024760260712355375
20250306,lstm_buffer_risk,buy,603007.SH,0.010381636209785938
20250306,lstm_buffer_risk,buy,002786.SZ,0.010026954114437103
20250306,lstm_buffer_risk,buy,300464.SZ,0.00887448713183403
20250307,lstm_buffer_risk,sell,000570.SZ,0.00014009204460307956
20250307,lstm_buffer_risk,sell,002616.SZ,0.00178704468999058
20250307,lstm_buffer_risk,sell,603626.SH,0.0027412152849137783
20250307,lstm_buffer_risk,buy,002725.SZ,0.009168381802737713
20250307,lstm_buffer_risk,buy,002526.SZ,0.007373441010713577
20250307,lstm_buffer_risk,buy,300426.SZ,0.007360422983765602
20250310,lstm_buffer_risk,sell,300464.SZ,0.0015763151459395885
20250310,lstm_buffer_risk,sell,002786.SZ,0.0017696579452604055
20250310,lstm_buffer_risk,sell,300426.SZ,0.002774008084088564
20250310,lstm_buffer_risk,buy,002358.SZ,0.015835214406251907
20250310,lstm_buffer_risk,buy,002115.SZ,0.012753677554428577
20250310,lstm_buffer_risk,buy,000570.SZ,0.01017979346215725
20250311,lstm_buffer_risk,sell,002526.SZ,0.0006261848611757159
20250311,lstm_buffer_risk,sell,002712.SZ,0.0016712823417037725
20250311,lstm_buffer_risk,sell,002725.SZ,0.0017234778497368097
20250311,lstm_buffer_risk,buy,002357.SZ,0.0076786549761891365
20250311,lstm_buffer_risk,buy,000590.SZ,0.007571568712592125
20250311,lstm_buffer_risk,buy,600367.SH,0.005526443012058735
20250312,lstm_buffer_risk,sell,002115.SZ,5.915638757869601e-05
20250312,lstm_buffer_risk,sell,603985.SH,9.361951379105449e-05
20250312,lstm_buffer_risk,sell,300195.SZ,0.0008404157124459743
20250312,lstm_buffer_risk,buy,002162.SZ,0.009209154173731804
20250312,lstm_buffer_risk,buy,002616.SZ,0.006551842205226421
20250312,lstm_buffer_risk,buy,600860.SH,0.006384172476828098
20250313,lstm_buffer_risk,sell,603007.SH,-0.001055997097864747
20250313,lstm_buffer_risk,sell,002358.SZ,-0.0009084052871912718
20250313,lstm_buffer_risk,sell,002616.SZ,0.0003191314171999693
20250313,lstm_buffer_risk,buy,002225.SZ,0.008063937537372112
20250313,lstm_buffer_risk,buy,300466.SZ,0.0060293106362223625
20250313,lstm_buffer_risk,buy,603810.SH,0.004094463773071766
20250314,lstm_buffer_risk,sell,000570.SZ,-0.0011878178920596838
20250314,lstm_buffer_risk,sell,002225.SZ,-3.685540286824107e-05
20250314,lstm_buffer_risk,sell,600367.SH,0.0003678007342386991
20250314,lstm_buffer_risk,buy,002681.SZ,0.012430893257260323
20250314,lstm_buffer_risk,buy,002434.SZ,0.012216945178806782
20250314,lstm_buffer_risk,buy,300494.SZ,0.010353853926062584
20250317,lstm_buffer_risk,sell,002162.SZ,-0.0022787994239479303
20250317,lstm_buffer_risk,sell,002298.SZ,-0.000335063086822629
20250317,lstm_buffer_risk,sell,300466.SZ,0.001793119590729475
20250317,lstm_buffer_risk,buy,002611.SZ,0.009725373238325119
20250317,lstm_buffer_risk,buy,603922.SH,0.006381707265973091
20250317,lstm_buffer_risk,buy,300430.SZ,0.0051004476845264435
20250318,lstm_buffer_risk,sell,002611.SZ,0.0008021618705242872
20250318,lstm_buffer_risk,sell,300494.SZ,0.0008350133430212736
20250318,lstm_buffer_risk,sell,300430.SZ,0.0008350133430212736
20250318,lstm_buffer_risk,buy,002723.SZ,0.0063210539519786835
20250318,lstm_buffer_risk,buy,603767.SH,0.005592178553342819
20250318,lstm_buffer_risk,buy,002379.SZ,0.005484201014041901
20250319,lstm_buffer_risk,sell,603922.SH,-0.0009797376114875078
20250319,lstm_buffer_risk,sell,000590.SZ,-0.00018377788364887238
20250319,lstm_buffer_risk,sell,002434.SZ,0.0009095394052565098
20250319,lstm_buffer_risk,buy,002162.SZ,0.013163973577320576
20250319,lstm_buffer_risk,buy,000042.SZ,0.01178030762821436
20250319,lstm_buffer_risk,buy,002708.SZ,0.005854667164385319
20250320,lstm_buffer_risk,sell,603810.SH,0.0001271081273443997
20250320,lstm_buffer_risk,sell,603767.SH,0.0007049819687381387
20250320,lstm_buffer_risk,sell,002723.SZ,0.0020559336990118027
20250320,lstm_buffer_risk,buy,300510.SZ,0.006275149993598461
20250320,lstm_buffer_risk,buy,000420.SZ,0.005759646184742451
20250320,lstm_buffer_risk,buy,600449.SH,0.005287586711347103
20250321,lstm_buffer_risk,sell,000042.SZ,0.00023222964955493808
20250321,lstm_buffer_risk,sell,002379.SZ,0.0014347117394208908
20250321,lstm_buffer_risk,sell,600449.SH,0.0015665271785110235
20250321,lstm_buffer_risk,buy,002574.SZ,0.007546130567789078
20250321,lstm_buffer_risk,buy,002033.SZ,0.005304152145981789
20250321,lstm_buffer_risk,buy,002927.SZ,0.00493758637458086
20250324,lstm_buffer_risk,sell,000420.SZ,0.0014670100063085556
20250324,lstm_buffer_risk,sell,002033.SZ,0.0017723466735333204
20250324,lstm_buffer_risk,sell,002681.SZ,0.0018045974429696798
20250324,lstm_buffer_risk,buy,600960.SH,0.012743872590363026
20250324,lstm_buffer_risk,buy,600758.SH,0.00975785031914711
20250324,lstm_buffer_risk,buy,000757.SZ,0.009574185125529766
20250325,lstm_buffer_risk,sell,600860.SH,0.001181035302579403
20250325,lstm_buffer_risk,sell,002357.SZ,0.0016531884903088212
20250325,lstm_buffer_risk,sell,600758.SH,0.0017590064089745283
20250325,lstm_buffer_risk,buy,600099.SH,0.010730736888945103
20250325,lstm_buffer_risk,buy,603161.SH,0.01003407221287489
20250325,lstm_buffer_risk,buy,300749.SZ,0.009675811976194382
20250326,lstm_buffer_risk,sell,300749.SZ,0.0019356675911694765
20250326,lstm_buffer_risk,sell,300510.SZ,0.002043141983449459
20250326,lstm_buffer_risk,sell,000757.SZ,0.0020661770831793547
20250326,lstm_buffer_risk,buy,603685.SH,0.016104253008961678
20250326,lstm_buffer_risk,buy,600577.SH,0.01312903594225645
20250326,lstm_buffer_risk,buy,603045.SH,0.00939706340432167
20250327,lstm_buffer_risk,sell,002708.SZ,0.00033296033507212996
20250327,lstm_buffer_risk,sell,002927.SZ,0.0013133145403116941
20250327,lstm_buffer_risk,sell,600960.SH,0.0017140324926003814
20250327,lstm_buffer_risk,buy,000151.SZ,0.010079304687678814
20250327,lstm_buffer_risk,buy,600105.SH,0.009894202463328838
20250327,lstm_buffer_risk,buy,002255.SZ,0.006224812939763069
20250328,lstm_buffer_risk,sell,603161.SH,0.0016147812129929662
20250328,lstm_buffer_risk,sell,002162.SZ,0.0016941654030233622
20250328,lstm_buffer_risk,sell,002574.SZ,0.00211765943095088
20250328,lstm_buffer_risk,buy,002682.SZ,0.013992621563374996
20250328,lstm_buffer_risk,buy,002700.SZ,0.013581073842942715
20250328,lstm_buffer_risk,buy,603006.SH,0.01255184318870306
20250331,lstm_buffer_risk,sell,000151.SZ,0.0009297533542849123
20250331,lstm_buffer_risk,sell,600099.SH,0.0010678647086024284
20250331,lstm_buffer_risk,sell,600577.SH,0.0028381873853504658
20250331,lstm_buffer_risk,buy,002052.SZ,0.0173793938010931
20250331,lstm_buffer_risk,buy,002054.SZ,0.014288020320236683
20250331,lstm_buffer_risk,buy,000633.SZ,0.011531252413988113
20250401,lstm_buffer_risk,sell,600105.SH,0.0023981332778930664
20250401,lstm_buffer_risk,sell,002255.SZ,0.003186645684763789
20250401,lstm_buffer_risk,sell,603006.SH,0.003699112916365266
20250401,lstm_buffer_risk,buy,002209.SZ,0.012338892556726933
20250401,lstm_buffer_risk,buy,002651.SZ,0.011896157637238503
20250401,lstm_buffer_risk,buy,002578.SZ,0.010846049524843693
20250402,lstm_buffer_risk,sell,002651.SZ,0.0024866710882633924
20250402,lstm_buffer_risk,sell,002209.SZ,0.002742392010986805
20250402,lstm_buffer_risk,sell,002578.SZ,0.0031103803776204586
20250402,lstm_buffer_risk,buy,600965.SH,0.014928874559700489
20250402,lstm_buffer_risk,buy,300025.SZ,0.007683449424803257
20250402,lstm_buffer_risk,buy,600571.SH,0.006429562345147133
20250403,lstm_buffer_risk,sell,600571.SH,0.0013514097081497312
20250403,lstm_buffer_risk,buy,300534.SZ,0.014114027842879295
20250407,lstm_buffer_risk,sell,002052.SZ,0.001753629301674664
20250407,lstm_buffer_risk,sell,600965.SH,0.002334254328161478
20250407,lstm_buffer_risk,sell,603045.SH,0.0033326130360364914
20250407,lstm_buffer_risk,buy,603188.SH,0.011361336335539818
20250407,lstm_buffer_risk,buy,300522.SZ,0.00950184278190136
20250407,lstm_buffer_risk,buy,300700.SZ,0.008666809648275375
20250408,lstm_buffer_risk,sell,300025.SZ,-0.0023726632352918386
20250408,lstm_buffer_risk,sell,603685.SH,0.0028402761090546846
20250408,lstm_buffer_risk,sell,000633.SZ,0.0034933967981487513
20250408,lstm_buffer_risk,buy,002267.SZ,0.01631632074713707
20250408,lstm_buffer_risk,buy,600033.SH,0.01605949178338051
20250408,lstm_buffer_risk,buy,600578.SH,0.013635621406137943
20250409,lstm_buffer_risk,sell,002700.SZ,-0.0012352168560028076
20250409,lstm_buffer_risk,sell,002054.SZ,0.0015627893153578043
20250409,lstm_buffer_risk,sell,600578.SH,0.001722327433526516
20250409,lstm_buffer_risk,buy,002516.SZ,0.017691684886813164
20250409,lstm_buffer_risk,buy,002787.SZ,0.017667314037680626
20250409,lstm_buffer_risk,buy,002606.SZ,0.017498746514320374
20250410,lstm_buffer_risk,sell,603188.SH,0.0004373551346361637
20250410,lstm_buffer_risk,sell,600033.SH,0.0017695161513984203
20250410,lstm_buffer_risk,sell,002267.SZ,0.0037971078418195248
20250410,lstm_buffer_risk,buy,603007.SH,0.021225210279226303
20250410,lstm_buffer_risk,buy,603730.SH,0.016745708882808685
20250410,lstm_buffer_risk,buy,002668.SZ,0.01672142744064331
20250411,lstm_buffer_risk,sell,300534.SZ,0.004976279102265835
20250411,lstm_buffer_risk,sell,002682.SZ,0.006912621669471264
20250411,lstm_buffer_risk,sell,300522.SZ,0.007718976587057114
20250411,lstm_buffer_risk,buy,002102.SZ,0.022602196782827377
20250411,lstm_buffer_risk,buy,600609.SH,0.01811465248465538
20250411,lstm_buffer_risk,buy,002636.SZ,0.018041463568806648
20250414,lstm_buffer_risk,sell,300700.SZ,0.008739599026739597
20250414,lstm_buffer_risk,sell,603730.SH,0.008875928819179535
20250414,lstm_buffer_risk,sell,603007.SH,0.010333593934774399
20250414,lstm_buffer_risk,buy,002803.SZ,0.020862547680735588
20250414,lstm_buffer_risk,buy,603633.SH,0.01801922544836998
20250414,lstm_buffer_risk,buy,002615.SZ,0.017816342413425446
20250415,lstm_buffer_risk,sell,002606.SZ,0.009161283262073994
20250415,lstm_buffer_risk,sell,002102.SZ,0.010615817271173
20250415,lstm_buffer_risk,sell,002516.SZ,0.010898640379309654
20250415,lstm_buffer_risk,buy,603933.SH,0.016521671786904335
20250415,lstm_buffer_risk,buy,603626.SH,0.016020430251955986
20250415,lstm_buffer_risk,buy,002454.SZ,0.013778661377727985
20250416,lstm_buffer_risk,sell,600609.SH,0.006828274577856064
20250416,lstm_buffer_risk,sell,002454.SZ,0.006884070113301277
20250416,lstm_buffer_risk,buy,000823.SZ,0.01580890268087387
20250416,lstm_buffer_risk,buy,002579.SZ,0.010763701051473618
20250417,lstm_buffer_risk,sell,002668.SZ,0.004248536191880703
20250417,lstm_buffer_risk,sell,603626.SH,0.004763289354741573
20250417,lstm_buffer_risk,sell,002615.SZ,0.005412120372056961
20250417,lstm_buffer_risk,buy,000670.SZ,0.01025106105953455
20250417,lstm_buffer_risk,buy,002052.SZ,0.008732042275369167
20250417,lstm_buffer_risk,buy,002723.SZ,0.008723042905330658
20250418,lstm_buffer_risk,sell,002787.SZ,0.0032960730604827404
20250418,lstm_buffer_risk,sell,002052.SZ,0.004256474319845438
20250418,lstm_buffer_risk,sell,002803.SZ,0.004825429990887642
20250418,lstm_buffer_risk,buy,002347.SZ,0.01876031421124935
20250418,lstm_buffer_risk,buy,002102.SZ,0.0169744361191988
20250418,lstm_buffer_risk,buy,603298.SH,0.015293627977371216
20250421,lstm_buffer_risk,sell,000670.SZ,0.004782252945005894
20250421,lstm_buffer_risk,sell,002723.SZ,0.010028774850070477
20250421,lstm_buffer_risk,sell,603633.SH,0.013762634247541428
20250421,lstm_buffer_risk,buy,000603.SZ,0.034244511276483536
20250421,lstm_buffer_risk,buy,601208.SH,0.030514230951666832
20250421,lstm_buffer_risk,buy,600710.SH,0.02649184688925743
20250422,lstm_buffer_risk,sell,002102.SZ,0.004061241168528795
20250422,lstm_buffer_risk,sell,002347.SZ,0.010771545581519604
20250422,lstm_buffer_risk,sell,000823.SZ,0.012822756543755531
20250422,lstm_buffer_risk,buy,000404.SZ,0.023838896304368973
20250422,lstm_buffer_risk,buy,000532.SZ,0.022616097703576088
20250422,lstm_buffer_risk,buy,600595.SH,0.02209717407822609
20250423,lstm_buffer_risk,sell,002579.SZ,-0.003750008763745427
20250423,lstm_buffer_risk,sell,600710.SH,-0.0009872645605355501
20250423,lstm_buffer_risk,sell,601208.SH,-0.00011555891251191497
20250423,lstm_buffer_risk,buy,002391.SZ,0.013615443371236324
20250423,lstm_buffer_risk,buy,600838.SH,0.012314237654209137
20250423,lstm_buffer_risk,buy,300079.SZ,0.010758408345282078
20250424,lstm_buffer_risk,sell,600595.SH,0.0025084312073886395
20250424,lstm_buffer_risk,sell,002636.SZ,0.005148201249539852
20250424,lstm_buffer_risk,sell,603933.SH,0.005172652192413807
20250424,lstm_buffer_risk,buy,600736.SH,0.013993182219564915
20250424,lstm_buffer_risk,buy,600708.SH,0.013275443576276302
20250424,lstm_buffer_risk,buy,600661.SH,0.012897418811917305
20250425,lstm_buffer_risk,sell,600838.SH,0.005125300958752632
20250425,lstm_buffer_risk,sell,603298.SH,0.009218448773026466
20250425,lstm_buffer_risk,sell,000404.SZ,0.009376665577292442
20250425,lstm_buffer_risk,buy,002250.SZ,0.01738613471388817
20250425,lstm_buffer_risk,buy,600810.SH,0.016183653846383095
20250425,lstm_buffer_risk,buy,000680.SZ,0.015980761498212814
20250428,lstm_buffer_risk,sell,002391.SZ,0.006105015054345131
20250428,lstm_buffer_risk,sell,000603.SZ,0.006930852308869362
20250428,lstm_buffer_risk,sell,600661.SH,0.009175415150821209
20250428,lstm_buffer_risk,buy,002420.SZ,0.015059398487210274
20250428,lstm_buffer_risk,buy,002937.SZ,0.014958193525671959
20250428,lstm_buffer_risk,buy,002606.SZ,0.014929080381989479
20250429,lstm_buffer_risk,sell,300079.SZ,0.0028234224300831556
20250429,lstm_buffer_risk,sell,600810.SH,0.0048667266964912415
20250429,lstm_buffer_risk,sell,000680.SZ,0.006723499856889248
20250429,lstm_buffer_risk,buy,002662.SZ,0.016854548826813698
20250429,lstm_buffer_risk,buy,002666.SZ,0.012782132253050804
20250429,lstm_buffer_risk,buy,000889.SZ,0.012198046781122684
20250430,lstm_buffer_risk,sell,002606.SZ,2.537854015827179e-06
20250430,lstm_buffer_risk,sell,600708.SH,0.000521903159096837
20250430,lstm_buffer_risk,sell,600736.SH,0.001193546806462109
20250430,lstm_buffer_risk,buy,000523.SZ,0.01322249136865139
20250430,lstm_buffer_risk,buy,600419.SH,0.011324243620038033
20250430,lstm_buffer_risk,buy,600731.SH,0.011091165244579315
20250506,lstm_buffer_risk,sell,002420.SZ,-0.0066982451826334
20250506,lstm_buffer_risk,sell,002666.SZ,-0.006308642216026783
20250506,lstm_buffer_risk,sell,002662.SZ,-0.003130974480882287
20250506,lstm_buffer_risk,buy,600758.SH,0.013501607812941074
20250506,lstm_buffer_risk,buy,600396.SH,0.01327866967767477
20250506,lstm_buffer_risk,buy,600386.SH,0.012545377016067505
20250507,lstm_buffer_risk,sell,002250.SZ,-0.004650094546377659
20250507,lstm_buffer_risk,sell,000532.SZ,-0.0030204474460333586
20250507,lstm_buffer_risk,sell,002937.SZ,-0.0019195929635316133
20250507,lstm_buffer_risk,buy,603326.SH,0.008490027859807014
20250507,lstm_buffer_risk,buy,603500.SH,0.008462379686534405
20250507,lstm_buffer_risk,buy,000718.SZ,0.00835525430738926
20250508,lstm_buffer_risk,sell,600731.SH,0.0018743834225460887
20250508,lstm_buffer_risk,sell,603326.SH,0.0027597006410360336
20250508,lstm_buffer_risk,sell,000718.SZ,0.0030282586812973022
20250508,lstm_buffer_risk,buy,000757.SZ,0.021151646971702576
20250508,lstm_buffer_risk,buy,603633.SH,0.017402874305844307
20250508,lstm_buffer_risk,buy,001896.SZ,0.01551121473312378
20250509,lstm_buffer_risk,sell,000889.SZ,0.0003335538203828037
20250509,lstm_buffer_risk,sell,603633.SH,0.0007854124996811152
20250509,lstm_buffer_risk,sell,000523.SZ,0.002045933622866869
20250509,lstm_buffer_risk,buy,300637.SZ,0.0166510920971632
20250509,lstm_buffer_risk,buy,600156.SH,0.0154606644064188
20250509,lstm_buffer_risk,buy,600163.SH,0.012705575674772263
20250512,lstm_buffer_risk,sell,600396.SH,0.0007140093948692083
20250512,lstm_buffer_risk,sell,600163.SH,0.000933585804887116
20250512,lstm_buffer_risk,sell,600156.SH,0.0012611093698069453
20250512,lstm_buffer_risk,buy,002593.SZ,0.026870980858802795
20250512,lstm_buffer_risk,buy,002560.SZ,0.01682143285870552
20250512,lstm_buffer_risk,buy,600722.SH,0.015224779024720192
20250513,lstm_buffer_risk,sell,300637.SZ,5.2023096941411495e-05
20250513,lstm_buffer_risk,sell,600386.SH,9.355071233585477e-05
20250513,lstm_buffer_risk,sell,001896.SZ,0.00024345354177057743
20250513,lstm_buffer_risk,buy,300241.SZ,0.019469456747174263
20250513,lstm_buffer_risk,buy,600156.SH,0.018978141248226166
20250513,lstm_buffer_risk,buy,603331.SH,0.017838649451732635
20250514,lstm_buffer_risk,sell,600758.SH,-0.0004326297203078866
20250514,lstm_buffer_risk,sell,600419.SH,0.0007611073669977486
20250514,lstm_buffer_risk,sell,603500.SH,0.0014245102647691965
20250514,lstm_buffer_risk,buy,002735.SZ,0.01677567884325981
20250514,lstm_buffer_risk,buy,002347.SZ,0.012466637417674065
20250514,lstm_buffer_risk,buy,300214.SZ,0.012152640148997307
20250515,lstm_buffer_risk,sell,002593.SZ,0.00035463919630274177
20250515,lstm_buffer_risk,sell,000757.SZ,0.0010974681936204433
20250515,lstm_buffer_risk,sell,300241.SZ,0.0012692543677985668
20250515,lstm_buffer_risk,buy,300345.SZ,0.013134223408997059
20250515,lstm_buffer_risk,buy,300404.SZ,0.010311794467270374
20250515,lstm_buffer_risk,buy,603790.SH,0.009778331033885479
20250516,lstm_buffer_risk,sell,002735.SZ,
20250516,lstm_buffer_risk,sell,002560.SZ,-0.00042769359424710274
20250516,lstm_buffer_risk,sell,300404.SZ,0.00030492269434034824
20250516,lstm_buffer_risk,buy,002404.SZ,0.011190863326191902
20250516,lstm_buffer_risk,buy,002383.SZ,0.00830069463700056
20250516,lstm_buffer_risk,buy,002297.SZ,0.006640046834945679
20250519,lstm_buffer_risk,sell,300214.SZ,-0.00023360992781817913
20250519,lstm_buffer_risk,sell,600722.SH,0.0005608723731711507
20250519,lstm_buffer_risk,sell,002347.SZ,0.0007457445608451962
20250519,lstm_buffer_risk,buy,601866.SH,0.00958122406154871
20250519,lstm_buffer_risk,buy,600439.SH,0.008543532341718674
20250519,lstm_buffer_risk,buy,603116.SH,0.00647569727152586
20250520,lstm_buffer_risk,sell,002404.SZ,0.0003285572165623307
20250520,lstm_buffer_risk,sell,002383.SZ,0.0011762131471186876
20250520,lstm_buffer_risk,sell,600156.SH,0.0013124424731358886
20250520,lstm_buffer_risk,buy,300413.SZ,0.008766298182308674
20250520,lstm_buffer_risk,buy,600397.SH,0.00820896029472351
20250520,lstm_buffer_risk,buy,300032.SZ,0.006515704095363617
20250521,lstm_buffer_risk,sell,002297.SZ,-0.002333317883312702
20250521,lstm_buffer_risk,sell,603116.SH,0.0005528244655579329
20250521,lstm_buffer_risk,sell,600439.SH,0.0007837887387722731
20250521,lstm_buffer_risk,buy,600340.SH,0.01181191485375166
20250521,lstm_buffer_risk,buy,300368.SZ,0.010371400974690914
20250521,lstm_buffer_risk,buy,002136.SZ,0.010240329429507256
20250522,lstm_buffer_risk,sell,300032.SZ,0.0013983950484544039
20250522,lstm_buffer_risk,sell,603790.SH,0.0016437666490674019
20250522,lstm_buffer_risk,sell,603331.SH,0.0023209815844893456
20250522,lstm_buffer_risk,buy,002297.SZ,0.012325429357588291
20250522,lstm_buffer_risk,buy,600807.SH,0.011633490212261677
20250522,lstm_buffer_risk,buy,300478.SZ,0.01011630892753601
20250523,lstm_buffer_risk,sell,300368.SZ,
20250523,lstm_buffer_risk,sell,600397.SH,7.198296952992678e-05
20250523,lstm_buffer_risk,sell,300413.SZ,0.0005413165781646967
20250523,lstm_buffer_risk,buy,603970.SH,0.01263513509184122
20250523,lstm_buffer_risk,buy,601019.SH,0.011750079691410065
20250523,lstm_buffer_risk,buy,000573.SZ,0.008809458464384079
20250526,lstm_buffer_risk,sell,601866.SH,0.001923076226375997
20250526,lstm_buffer_risk,sell,300345.SZ,0.0023507107980549335
20250526,lstm_buffer_risk,sell,000573.SZ,0.002495837863534689
20250526,lstm_buffer_risk,buy,000605.SZ,0.012321100570261478
20250526,lstm_buffer_risk,buy,002329.SZ,0.011722147464752197
20250526,lstm_buffer_risk,buy,300155.SZ,0.011447768658399582
20250527,lstm_buffer_risk,sell,002329.SZ,-0.000518117449246347
20250527,lstm_buffer_risk,sell,002297.SZ,-0.00018875091336667538
20250527,lstm_buffer_risk,sell,603970.SH,3.345427103340626e-05
20250527,lstm_buffer_risk,buy,002571.SZ,0.010200027376413345
20250527,lstm_buffer_risk,buy,000566.SZ,0.009072529152035713
20250527,lstm_buffer_risk,buy,002317.SZ,0.008722091093659401
20250528,lstm_buffer_risk,sell,600807.SH,0.0014615425607189536
20250528,lstm_buffer_risk,sell,002571.SZ,0.0017225452465936542
20250528,lstm_buffer_risk,sell,600340.SH,0.001856090733781457
20250528,lstm_buffer_risk,buy,002329.SZ,0.008793150074779987
20250528,lstm_buffer_risk,buy,002434.SZ,0.0070675937458872795
20250528,lstm_buffer_risk,buy,002068.SZ,0.006459804251790047
20250529,lstm_buffer_risk,sell,300478.SZ,0.0016890009865164757
20250529,lstm_buffer_risk,sell,002317.SZ,0.001710495911538601
20250529,lstm_buffer_risk,sell,002434.SZ,0.0018246679101139307
20250529,lstm_buffer_risk,buy,300616.SZ,0.01187275443226099
20250529,lstm_buffer_risk,buy,600616.SH,0.011525196954607964
20250529,lstm_buffer_risk,buy,600844.SH,0.011358431540429592
20250530,lstm_buffer_risk,sell,002329.SZ,0.0006047594361007214
20250530,lstm_buffer_risk,sell,600844.SH,0.0011420873925089836
20250530,lstm_buffer_risk,sell,300616.SZ,0.001700917026028037
20250530,lstm_buffer_risk,buy,002574.SZ,0.014682979322969913
20250530,lstm_buffer_risk,buy,002566.SZ,0.009514556266367435
20250530,lstm_buffer_risk,buy,600234.SH,0.006960957311093807
20250603,lstm_buffer_risk,sell,000566.SZ,0.0004845305229537189
20250603,lstm_buffer_risk,sell,000605.SZ,0.001252721413038671
20250603,lstm_buffer_risk,sell,300155.SZ,0.0014173893723636866
20250603,lstm_buffer_risk,buy,300368.SZ,0.01408627163618803
20250603,lstm_buffer_risk,buy,000890.SZ,0.009660961106419563
20250603,lstm_buffer_risk,buy,603701.SH,0.009544800966978073
20250604,lstm_buffer_risk,sell,601019.SH,0.0010068794945254922
20250604,lstm_buffer_risk,sell,600616.SH,0.0011009946465492249
20250604,lstm_buffer_risk,sell,002574.SZ,0.0011816777987405658
20250604,lstm_buffer_risk,buy,600936.SH,0.010190174914896488
20250604,lstm_buffer_risk,buy,600817.SH,0.007670052349567413
20250604,lstm_buffer_risk,buy,002743.SZ,0.007290646433830261
20250605,lstm_buffer_risk,sell,000890.SZ,0.00020318239694461226
20250605,lstm_buffer_risk,sell,002068.SZ,0.0012099160812795162
20250605,lstm_buffer_risk,sell,002566.SZ,0.001251504523679614
20250605,lstm_buffer_risk,buy,600561.SH,0.015214460901916027
20250605,lstm_buffer_risk,buy,002246.SZ,0.011048882268369198
20250605,lstm_buffer_risk,buy,002114.SZ,0.010801531374454498
20250606,lstm_buffer_risk,sell,600817.SH,-0.00015194201841950417
20250606,lstm_buffer_risk,sell,603701.SH,0.000982868717983365
20250606,lstm_buffer_risk,sell,002136.SZ,0.001516444026492536
20250606,lstm_buffer_risk,buy,600073.SH,0.01201678067445755
20250606,lstm_buffer_risk,buy,600110.SH,0.00785031821578741
20250606,lstm_buffer_risk,buy,603238.SH,0.006950883194804192
20250609,lstm_buffer_risk,sell,600073.SH,0.000996434479020536
20250609,lstm_buffer_risk,sell,600234.SH,0.0015543433837592602
20250609,lstm_buffer_risk,sell,002743.SZ,0.0015788872260600328
20250609,lstm_buffer_risk,buy,601007.SH,0.010326888412237167
20250609,lstm_buffer_risk,buy,002090.SZ,0.009292016737163067
20250609,lstm_buffer_risk,buy,002370.SZ,0.007909055799245834
20250610,lstm_buffer_risk,sell,300368.SZ,-0.00022013706620782614
20250610,lstm_buffer_risk,sell,002246.SZ,0.0001240415731444955
20250610,lstm_buffer_risk,sell,002370.SZ,0.0008244594209827483
20250610,lstm_buffer_risk,buy,600829.SH,0.009579631499946117
20250610,lstm_buffer_risk,buy,600708.SH,0.007543645799160004
20250610,lstm_buffer_risk,buy,600403.SH,0.0042815059423446655
20250611,lstm_buffer_risk,sell,600110.SH,0.0004727727791760117
20250611,lstm_buffer_risk,sell,002090.SZ,0.0008941065170802176
20250611,lstm_buffer_risk,sell,603238.SH,0.0009697816567495465
20250611,lstm_buffer_risk,buy,002875.SZ,0.01052815094590187
20250611,lstm_buffer_risk,buy,603335.SH,0.009244713932275772
20250611,lstm_buffer_risk,buy,002105.SZ,0.0066245244815945625
20250612,lstm_buffer_risk,sell,603335.SH,-0.00031046196818351746
20250612,lstm_buffer_risk,sell,600936.SH,0.0002516165259294212
20250612,lstm_buffer_risk,sell,600403.SH,0.0007259258418343961
20250612,lstm_buffer_risk,buy,300345.SZ,0.008260474540293217
20250612,lstm_buffer_risk,buy,002480.SZ,0.007961471565067768
20250612,lstm_buffer_risk,buy,300502.SZ,0.007272375747561455
20250613,lstm_buffer_risk,sell,601007.SH,0.0002546164905652404
20250613,lstm_buffer_risk,sell,002114.SZ,0.0005400024238042533
20250613,lstm_buffer_risk,sell,600708.SH,0.0010291830403730273
20250613,lstm_buffer_risk,buy,002923.SZ,0.0049753738567233086
20250613,lstm_buffer_risk,buy,603823.SH,0.004656247794628143
20250613,lstm_buffer_risk,buy,002177.SZ,0.004557532723993063
20250616,lstm_buffer_risk,sell,300502.SZ,-0.0009319562232121825
20250616,lstm_buffer_risk,sell,600829.SH,0.0016729398630559444
20250616,lstm_buffer_risk,sell,002105.SZ,0.0017822359222918749
20250616,lstm_buffer_risk,buy,600684.SH,0.01060726959258318
20250616,lstm_buffer_risk,buy,600743.SH,0.009932860732078552
20250616,lstm_buffer_risk,buy,603030.SH,0.009865597821772099
20250617,lstm_buffer_risk,sell,002923.SZ,0.00013970403233543038
20250617,lstm_buffer_risk,sell,603030.SH,0.0008750653942115605
20250617,lstm_buffer_risk,sell,600561.SH,0.0010667078895494342
20250617,lstm_buffer_risk,buy,002155.SZ,0.00708850659430027
20250617,lstm_buffer_risk,buy,000525.SZ,0.004782101139426231
20250617,lstm_buffer_risk,buy,002916.SZ,0.004740170203149319
20250618,lstm_buffer_risk,sell,300345.SZ,-0.0008764313533902168
20250618,lstm_buffer_risk,sell,002875.SZ,0.0012629091506823897
20250618,lstm_buffer_risk,sell,600743.SH,0.001339019276201725
20250618,lstm_buffer_risk,buy,603587.SH,0.007498729042708874
20250618,lstm_buffer_risk,buy,603716.SH,0.006328667514026165
20250618,lstm_buffer_risk,buy,002425.SZ,0.006239123642444611
20250619,lstm_buffer_risk,sell,600684.SH,0.0015696138143539429
20250619,lstm_buffer_risk,sell,603823.SH,0.00188042176887393
20250619,lstm_buffer_risk,sell,002480.SZ,0.0024271204601973295
20250619,lstm_buffer_risk,buy,600960.SH,0.010914762504398823
20250619,lstm_buffer_risk,buy,601128.SH,0.010753024369478226
20250619,lstm_buffer_risk,buy,002492.SZ,0.00946042314171791
20250620,lstm_buffer_risk,sell,601128.SH,0.0011326096719130874
20250620,lstm_buffer_risk,sell,002425.SZ,0.0012712429743260145
20250620,lstm_buffer_risk,sell,002155.SZ,0.0023855490144342184
20250620,lstm_buffer_risk,buy,603167.SH,0.00996758509427309
20250620,lstm_buffer_risk,buy,300557.SZ,0.009213829413056374
20250620,lstm_buffer_risk,buy,002800.SZ,0.00911670457571745
20250623,lstm_buffer_risk,sell,002800.SZ,
20250623,lstm_buffer_risk,sell,603167.SH,0.0005941155250184238
20250623,lstm_buffer_risk,sell,603716.SH,0.0027557637076824903
20250623,lstm_buffer_risk,buy,300180.SZ,0.010415839962661266
20250623,lstm_buffer_risk,buy,002669.SZ,0.009107050485908985
20250623,lstm_buffer_risk,buy,300291.SZ,0.007355608977377415
20250624,lstm_buffer_risk,sell,002916.SZ,0.0008532686624675989
20250624,lstm_buffer_risk,sell,603587.SH,0.0012011820217594504
20250624,lstm_buffer_risk,sell,300291.SZ,0.0013546430272981524
20250624,lstm_buffer_risk,buy,603616.SH,0.006790026091039181
20250624,lstm_buffer_risk,buy,600876.SH,0.006548812612891197
20250624,lstm_buffer_risk,buy,002930.SZ,0.006145812571048737
20250625,lstm_buffer_risk,sell,002669.SZ,-0.0024736293125897646
20250625,lstm_buffer_risk,sell,300557.SZ,0.0011684163473546505
20250625,lstm_buffer_risk,sell,300180.SZ,0.001397439045831561
20250625,lstm_buffer_risk,buy,002278.SZ,0.011226089671254158
20250625,lstm_buffer_risk,buy,002109.SZ,0.010335665196180344
20250625,lstm_buffer_risk,buy,300072.SZ,0.0099505465477705
20250626,lstm_buffer_risk,sell,600876.SH,0.0019324806053191423
20250626,lstm_buffer_risk,sell,000525.SZ,0.00257685873657465
20250626,lstm_buffer_risk,sell,002492.SZ,0.002705260179936886
20250626,lstm_buffer_risk,buy,000572.SZ,0.008207139559090137
20250626,lstm_buffer_risk,buy,603323.SH,0.00760857667773962
20250626,lstm_buffer_risk,buy,002800.SZ,0.007108420133590698
20250627,lstm_buffer_risk,sell,600960.SH,
20250627,lstm_buffer_risk,sell,002930.SZ,0.0007991804159246385
20250627,lstm_buffer_risk,sell,603323.SH,0.0013559460639953613
20250627,lstm_buffer_risk,buy,002921.SZ,0.008899778127670288
20250627,lstm_buffer_risk,buy,603106.SH,0.007158638909459114
20250627,lstm_buffer_risk,buy,300243.SZ,0.005517222918570042
20250630,lstm_buffer_risk,sell,603616.SH,-0.001623519230633974
20250630,lstm_buffer_risk,sell,000572.SZ,0.0009331684559583664
20250630,lstm_buffer_risk,sell,300243.SZ,0.00131693622097373
20250630,lstm_buffer_risk,buy,300588.SZ,0.00917636789381504
20250630,lstm_buffer_risk,buy,300635.SZ,0.007700578309595585
20250630,lstm_buffer_risk,buy,002167.SZ,0.006181378848850727
20250701,lstm_buffer_risk,sell,002177.SZ,-0.0014262145850807428
20250701,lstm_buffer_risk,sell,300072.SZ,-0.0005860246019437909
20250701,lstm_buffer_risk,sell,603106.SH,-0.0003717985237017274
20250701,lstm_buffer_risk,buy,603616.SH,0.005103148519992828
20250701,lstm_buffer_risk,buy,002205.SZ,0.004773074761033058
20250701,lstm_buffer_risk,buy,300492.SZ,0.004675740376114845
20250702,lstm_buffer_risk,sell,002278.SZ,
20250702,lstm_buffer_risk,sell,002800.SZ,0.000812567479442805
20250702,lstm_buffer_risk,sell,002921.SZ,0.0008350133430212736
20250702,lstm_buffer_risk,buy,603722.SH,0.010783642530441284
20250702,lstm_buffer_risk,buy,300345.SZ,0.006893841549754143
20250702,lstm_buffer_risk,buy,002037.SZ,0.005173334851861
20250703,lstm_buffer_risk,sell,002109.SZ,0.0006584919756278396
20250703,lstm_buffer_risk,sell,002167.SZ,0.0007034832378849387
20250703,lstm_buffer_risk,sell,002205.SZ,0.0008350133430212736
20250703,lstm_buffer_risk,buy,300324.SZ,0.010127889923751354
20250703,lstm_buffer_risk,buy,600152.SH,0.00816869642585516
20250703,lstm_buffer_risk,buy,300030.SZ,0.0077439602464437485
20250704,lstm_buffer_risk,sell,603616.SH,0.0002735906164161861
20250704,lstm_buffer_risk,sell,002037.SZ,0.000740967458114028
20250704,lstm_buffer_risk,sell,300588.SZ,0.000869017094373703
20250704,lstm_buffer_risk,buy,300120.SZ,0.009950565174221992
20250704,lstm_buffer_risk,buy,601718.SH,0.004940609447658062
20250704,lstm_buffer_risk,buy,000981.SZ,0.004830001853406429
20250707,lstm_buffer_risk,sell,300492.SZ,0.0008350133430212736
20250707,lstm_buffer_risk,sell,300635.SZ,0.0010719256242737174
20250707,lstm_buffer_risk,sell,601718.SH,0.0017836155602708459
20250707,lstm_buffer_risk,buy,603936.SH,0.01284630037844181
20250707,lstm_buffer_risk,buy,002314.SZ,0.010157094337046146
20250707,lstm_buffer_risk,buy,600819.SH,0.00846440065652132
20250708,lstm_buffer_risk,sell,300030.SZ,0.0008361834334209561
20250708,lstm_buffer_risk,sell,000981.SZ,0.0014933061320334673
20250708,lstm_buffer_risk,sell,002314.SZ,0.0019411782268434763
20250708,lstm_buffer_risk,buy,002319.SZ,0.010055695660412312
20250708,lstm_buffer_risk,buy,000530.SZ,0.008471669629216194
20250708,lstm_buffer_risk,buy,603811.SH,0.008043988607823849
20250709,lstm_buffer_risk,sell,603936.SH,0.0012528062798082829
20250709,lstm_buffer_risk,sell,300324.SZ,0.0014863716205582023
20250709,lstm_buffer_risk,sell,300120.SZ,0.002070177812129259
20250709,lstm_buffer_risk,buy,001896.SZ,0.008325589820742607
20250709,lstm_buffer_risk,buy,603766.SH,0.008234587498009205
20250709,lstm_buffer_risk,buy,002052.SZ,0.007037735544145107
20250710,lstm_buffer_risk,sell,300345.SZ,7.703754818066955e-05
20250710,lstm_buffer_risk,sell,603722.SH,0.00030154874548316
20250710,lstm_buffer_risk,sell,603811.SH,0.0010297322878614068
20250710,lstm_buffer_risk,buy,600513.SH,0.013597426004707813
20250710,lstm_buffer_risk,buy,603969.SH,0.0057420916855335236
20250710,lstm_buffer_risk,buy,600023.SH,0.005583649501204491
20250711,lstm_buffer_risk,sell,603766.SH,-0.0003543129423633218
20250711,lstm_buffer_risk,sell,600023.SH,0.00024809001479297876
20250711,lstm_buffer_risk,sell,002052.SZ,0.0005543261067941785
20250711,lstm_buffer_risk,buy,000037.SZ,0.009114990010857582
20250711,lstm_buffer_risk,buy,300022.SZ,0.008434165269136429
20250711,lstm_buffer_risk,buy,603676.SH,0.008100776001811028
20250714,lstm_buffer_risk,sell,600152.SH,-0.000596600235439837
20250714,lstm_buffer_risk,sell,600513.SH,-0.000335399410687387
20250714,lstm_buffer_risk,sell,001896.SZ,-0.0002318912884220481
20250714,lstm_buffer_risk,buy,002052.SZ,0.009243291802704334
20250714,lstm_buffer_risk,buy,300522.SZ,0.006867179647088051
20250714,lstm_buffer_risk,buy,600246.SH,0.006738222204148769
20250715,lstm_buffer_risk,sell,002319.SZ,0.00038117848453111947
20250715,lstm_buffer_risk,sell,000037.SZ,0.0012752681504935026
20250715,lstm_buffer_risk,sell,002052.SZ,0.0015463070012629032
20250715,lstm_buffer_risk,buy,000965.SZ,0.01209185365587473
20250715,lstm_buffer_risk,buy,603045.SH,0.0080880643799901
20250715,lstm_buffer_risk,buy,002830.SZ,0.007993445731699467
20250716,lstm_buffer_risk,sell,603969.SH,0.000783129595220089
20250716,lstm_buffer_risk,sell,600246.SH,0.0011155020911246538
20250716,lstm_buffer_risk,sell,000965.SZ,0.0015312479808926582
20250716,lstm_buffer_risk,buy,000757.SZ,0.015712253749370575
20250716,lstm_buffer_risk,buy,002513.SZ,0.01437758095562458
20250716,lstm_buffer_risk,buy,002084.SZ,0.013073272071778774
20250717,lstm_buffer_risk,sell,000530.SZ,0.000744844670407474
20250717,lstm_buffer_risk,sell,600819.SH,0.0012569708051159978
20250717,lstm_buffer_risk,sell,000757.SZ,0.0018606919329613447
20250717,lstm_buffer_risk,buy,002133.SZ,0.016111409291625023
20250717,lstm_buffer_risk,buy,002491.SZ,0.013105322606861591
20250717,lstm_buffer_risk,buy,002355.SZ,0.008083175867795944
20250718,lstm_buffer_risk,sell,002513.SZ,-0.0009562113555148244
20250718,lstm_buffer_risk,sell,300022.SZ,0.00030710583087056875
20250718,lstm_buffer_risk,sell,002084.SZ,0.0014168533962219954
20250718,lstm_buffer_risk,buy,001896.SZ,0.01186559908092022
20250718,lstm_buffer_risk,buy,603103.SH,0.010025900788605213
20250718,lstm_buffer_risk,buy,600841.SH,0.008227062411606312
20250721,lstm_buffer_risk,sell,002830.SZ,0.0013432116247713566
20250721,lstm_buffer_risk,sell,603676.SH,0.0014214860275387764
20250721,lstm_buffer_risk,sell,002133.SZ,0.0015197934117168188
20250721,lstm_buffer_risk,buy,002329.SZ,0.01870732381939888
20250721,lstm_buffer_risk,buy,000705.SZ,0.012493575923144817
20250721,lstm_buffer_risk,buy,002107.SZ,0.0112264109775424
20250722,lstm_buffer_risk,sell,600841.SH,0.0005351915024220943
20250722,lstm_buffer_risk,sell,603103.SH,0.0013584468979388475
20250722,lstm_buffer_risk,sell,300522.SZ,0.0024977417197078466
20250722,lstm_buffer_risk,buy,002178.SZ,0.01403901819139719
20250722,lstm_buffer_risk,buy,600706.SH,0.013908548280596733
20250722,lstm_buffer_risk,buy,603116.SH,0.011267132125794888
20250723,lstm_buffer_risk,sell,600706.SH,0.0020997957326471806
20250723,lstm_buffer_risk,sell,603116.SH,0.002345244400203228
20250723,lstm_buffer_risk,sell,002329.SZ,0.0027117193676531315
20250723,lstm_buffer_risk,buy,002565.SZ,0.010939954780042171
20250723,lstm_buffer_risk,buy,603458.SH,0.009880764409899712
20250723,lstm_buffer_risk,buy,603803.SH,0.009298380464315414
20250724,lstm_buffer_risk,sell,002178.SZ,0.0006805136799812317
20250724,lstm_buffer_risk,sell,603045.SH,0.0010534505126997828
20250724,lstm_buffer_risk,sell,001896.SZ,0.0017172840889543295
20250724,lstm_buffer_risk,buy,000877.SZ,0.014917776919901371
20250724,lstm_buffer_risk,buy,603336.SH,0.012698723003268242
20250724,lstm_buffer_risk,buy,002761.SZ,0.01235649548470974
20250725,lstm_buffer_risk,sell,603803.SH,4.723703023046255e-05
20250725,lstm_buffer_risk,sell,603336.SH,0.0008957979152910411
20250725,lstm_buffer_risk,sell,002565.SZ,0.0009094951674342155
20250725,lstm_buffer_risk,buy,603937.SH,0.011303688399493694
20250725,lstm_buffer_risk,buy,000551.SZ,0.0065783485770225525
20250725,lstm_buffer_risk,buy,600774.SH,0.006045343354344368
20250728,lstm_buffer_risk,sell,002107.SZ,0.0005692404229193926
20250728,lstm_buffer_risk,sell,002355.SZ,0.0011243587359786034
20250728,lstm_buffer_risk,sell,000705.SZ,0.001302953576669097
20250728,lstm_buffer_risk,buy,002266.SZ,0.011323289945721626
20250728,lstm_buffer_risk,buy,603319.SH,0.010354702360928059
20250728,lstm_buffer_risk,buy,601969.SH,0.008288906887173653
20250729,lstm_buffer_risk,sell,603937.SH,0.0002663697232492268
20250729,lstm_buffer_risk,sell,002761.SZ,0.0009875406976789236
20250729,lstm_buffer_risk,sell,002491.SZ,0.0010805949568748474
20250729,lstm_buffer_risk,buy,600528.SH,0.010561918839812279
20250729,lstm_buffer_risk,buy,002468.SZ,0.008970992639660835
20250729,lstm_buffer_risk,buy,000967.SZ,0.00785826239734888
20250730,lstm_buffer_risk,sell,000551.SZ,-0.0016848649829626083
20250730,lstm_buffer_risk,sell,603458.SH,0.00011055433424189687
20250730,lstm_buffer_risk,sell,601969.SH,0.0013828156515955925
20250730,lstm_buffer_risk,buy,000501.SZ,0.010517626069486141
20250730,lstm_buffer_risk,buy,000153.SZ,0.006915172562003136
20250730,lstm_buffer_risk,buy,600977.SH,0.006231923587620258
20250731,lstm_buffer_risk,sell,600774.SH,
20250731,lstm_buffer_risk,sell,002468.SZ,-6.945757195353508e-05
20250731,lstm_buffer_risk,sell,000877.SZ,0.001310064923018217
20250731,lstm_buffer_risk,buy,600676.SH,0.012154660187661648
20250731,lstm_buffer_risk,buy,300643.SZ,0.011804276145994663
20250731,lstm_buffer_risk,buy,603238.SH,0.009079542942345142
20250801,lstm_buffer_risk,sell,000153.SZ,0.0009734508348628879
20250801,lstm_buffer_risk,sell,000967.SZ,0.0016357742715626955
20250801,lstm_buffer_risk,sell,000501.SZ,0.0018560600001364946
20250801,lstm_buffer_risk,buy,002715.SZ,0.010557488538324833
20250801,lstm_buffer_risk,buy,002675.SZ,0.009451676160097122
20250801,lstm_buffer_risk,buy,000525.SZ,0.007828731089830399
20250804,lstm_buffer_risk,sell,603238.SH,0.0011741755297407508
20250804,lstm_buffer_risk,sell,603319.SH,0.0012927415082231164
20250804,lstm_buffer_risk,sell,002266.SZ,0.0015270526055246592
20250804,lstm_buffer_risk,buy,603819.SH,0.008744521997869015
20250804,lstm_buffer_risk,buy,002852.SZ,0.00551582220941782
20250804,lstm_buffer_risk,buy,002644.SZ,0.004836042411625385
20250805,lstm_buffer_risk,sell,600676.SH,0.000557203427888453
20250805,lstm_buffer_risk,sell,002675.SZ,0.0006280445377342403
20250805,lstm_buffer_risk,sell,002852.SZ,0.0017150419298559427
20250805,lstm_buffer_risk,buy,603229.SH,0.005677971988916397
20250805,lstm_buffer_risk,buy,603922.SH,0.0051309093832969666
20250805,lstm_buffer_risk,buy,000813.SZ,0.004822945222258568
20250806,lstm_buffer_risk,sell,000525.SZ,0.0002809943398460746
20250806,lstm_buffer_risk,sell,600528.SH,0.0013569497969001532
20250806,lstm_buffer_risk,sell,600977.SH,0.0018429514020681381
20250806,lstm_buffer_risk,buy,000551.SZ,0.005920104682445526
20250806,lstm_buffer_risk,buy,600579.SH,0.004956824705004692
20250806,lstm_buffer_risk,buy,601929.SH,0.0046203057281672955
20250807,lstm_buffer_risk,sell,000551.SZ,0.0010497302282601595
20250807,lstm_buffer_risk,sell,603922.SH,0.002481966745108366
20250807,lstm_buffer_risk,sell,300643.SZ,0.0026217359118163586
20250807,lstm_buffer_risk,buy,002275.SZ,0.010116059333086014
20250807,lstm_buffer_risk,buy,002357.SZ,0.009180045686662197
20250807,lstm_buffer_risk,buy,600252.SH,0.007714018225669861
20250808,lstm_buffer_risk,sell,601929.SH,-0.001024766475893557
20250808,lstm_buffer_risk,sell,002715.SZ,0.0008939927211031318
20250808,lstm_buffer_risk,sell,002644.SZ,0.001757354475557804
20250808,lstm_buffer_risk,buy,002149.SZ,0.013441073708236217
20250808,lstm_buffer_risk,buy,002068.SZ,0.01246942114084959
20250808,lstm_buffer_risk,buy,603888.SH,0.012322933413088322
20250811,lstm_buffer_risk,sell,002275.SZ,0.0009422376751899719
20250811,lstm_buffer_risk,sell,002068.SZ,0.0012642391957342625
20250811,lstm_buffer_risk,sell,603819.SH,0.0015694331377744675
20250811,lstm_buffer_risk,buy,002923.SZ,0.009992302395403385
20250811,lstm_buffer_risk,buy,300166.SZ,0.006340621039271355
20250811,lstm_buffer_risk,buy,600775.SH,0.005891726352274418
20250812,lstm_buffer_risk,sell,600252.SH,-0.00040203495882451534
20250812,lstm_buffer_risk,sell,000813.SZ,0.00024118024157360196
20250812,lstm_buffer_risk,sell,603888.SH,0.0008895705104805529
20250812,lstm_buffer_risk,buy,002551.SZ,0.0051826005801558495
20250812,lstm_buffer_risk,buy,603101.SH,0.005135910585522652
20250812,lstm_buffer_risk,buy,002072.SZ,0.005109616555273533
20250813,lstm_buffer_risk,sell,600579.SH,0.000510099867824465
20250813,lstm_buffer_risk,sell,603229.SH,0.0007341700838878751
20250813,lstm_buffer_risk,sell,600775.SH,0.0014307752717286348
20250813,lstm_buffer_risk,buy,601718.SH,0.01490148063749075
20250813,lstm_buffer_risk,buy,000802.SZ,0.011351543478667736
20250813,lstm_buffer_risk,buy,000010.SZ,0.007628013379871845
20250814,lstm_buffer_risk,sell,002072.SZ,0.0009832014329731464
20250814,lstm_buffer_risk,sell,002149.SZ,0.0013117804192006588
20250814,lstm_buffer_risk,sell,002923.SZ,0.0013196286745369434
20250814,lstm_buffer_risk,buy,002652.SZ,0.008422872982919216
20250814,lstm_buffer_risk,buy,603888.SH,0.005799957551062107
20250814,lstm_buffer_risk,buy,603518.SH,0.005180073902010918
20250815,lstm_buffer_risk,sell,603101.SH,0.0009348929743282497
20250815,lstm_buffer_risk,sell,601718.SH,0.00096275401301682
20250815,lstm_buffer_risk,sell,000802.SZ,0.001075980719178915
20250815,lstm_buffer_risk,buy,603458.SH,0.011334857903420925
20250815,lstm_buffer_risk,buy,000803.SZ,0.009871842339634895
20250815,lstm_buffer_risk,buy,002516.SZ,0.008270319551229477
20250818,lstm_buffer_risk,sell,002551.SZ,-0.0003941451432183385
20250818,lstm_buffer_risk,sell,300166.SZ,-5.889451131224632e-07
20250818,lstm_buffer_risk,sell,002357.SZ,0.0004598699160851538
20250818,lstm_buffer_risk,buy,002565.SZ,0.010097683407366276
20250818,lstm_buffer_risk,buy,002491.SZ,0.007233366370201111
20250818,lstm_buffer_risk,buy,600053.SH,0.004697410389780998
20250819,lstm_buffer_risk,sell,002565.SZ,-0.00031105789821594954
20250819,lstm_buffer_risk,sell,603888.SH,0.0005773035809397697
20250819,lstm_buffer_risk,sell,000010.SZ,0.0013990348670631647
20250819,lstm_buffer_risk,buy,300440.SZ,0.005906668491661549
20250819,lstm_buffer_risk,buy,002480.SZ,0.0048680538311600685
20250819,lstm_buffer_risk,buy,600416.SH,0.004625407513231039
20250820,lstm_buffer_risk,sell,002516.SZ,0.0012424234300851822
20250820,lstm_buffer_risk,sell,002491.SZ,0.0015240402426570654
20250820,lstm_buffer_risk,sell,002652.SZ,0.0016520898789167404
20250820,lstm_buffer_risk,buy,603535.SH,0.010388520546257496
20250820,lstm_buffer_risk,buy,002911.SZ,0.007812658324837685
20250820,lstm_buffer_risk,buy,002201.SZ,0.006797567941248417
20250821,lstm_buffer_risk,sell,603518.SH,0.0013879213947802782
20250821,lstm_buffer_risk,sell,300440.SZ,0.0015891159418970346
20250821,lstm_buffer_risk,sell,600416.SH,0.0018481072038412094
20250821,lstm_buffer_risk,buy,002343.SZ,0.008388442918658257
20250821,lstm_buffer_risk,buy,300536.SZ,0.007064915262162685
20250821,lstm_buffer_risk,buy,002161.SZ,0.005152318626642227
20250822,lstm_buffer_risk,sell,000803.SZ,0.0006986778462305665
20250822,lstm_buffer_risk,sell,002480.SZ,0.0010025869123637676
20250822,lstm_buffer_risk,sell,600053.SH,0.0016003396594896913
20250822,lstm_buffer_risk,buy,002576.SZ,0.014582927338778973
20250822,lstm_buffer_risk,buy,600218.SH,0.011747532524168491
20250822,lstm_buffer_risk,buy,603038.SH,0.010539330542087555
20250825,lstm_buffer_risk,sell,002161.SZ,-0.0004080754006281495
20250825,lstm_buffer_risk,sell,002201.SZ,-7.964367978274822e-05
20250825,lstm_buffer_risk,sell,002343.SZ,0.0009886166080832481
20250825,lstm_buffer_risk,buy,000803.SZ,0.00715386588126421
20250825,lstm_buffer_risk,buy,603041.SH,0.0071387384086847305
20250825,lstm_buffer_risk,buy,002798.SZ,0.00631527416408062
20250826,lstm_buffer_risk,sell,600218.SH,0.0008350133430212736
20250826,lstm_buffer_risk,sell,002576.SZ,0.0012338655069470406
20250826,lstm_buffer_risk,sell,002911.SZ,0.0014701993204653263
20250826,lstm_buffer_risk,buy,603106.SH,0.01208144798874855
20250826,lstm_buffer_risk,buy,600530.SH,0.01028189342468977
20250826,lstm_buffer_risk,buy,600637.SH,0.008608389645814896
20250827,lstm_buffer_risk,sell,000803.SZ,1.6497622709721327e-05
20250827,lstm_buffer_risk,sell,002798.SZ,7.294607348740101e-05
20250827,lstm_buffer_risk,sell,603535.SH,0.0008927132585085928
20250827,lstm_buffer_risk,buy,300510.SZ,0.009590364061295986
20250827,lstm_buffer_risk,buy,002057.SZ,0.009115926921367645
20250827,lstm_buffer_risk,buy,002706.SZ,0.00561799481511116
20250828,lstm_buffer_risk,sell,603041.SH,0.0013147355057299137
20250828,lstm_buffer_risk,sell,002057.SZ,0.0018271927256137133
20250828,lstm_buffer_risk,sell,600637.SH,0.0019859415479004383
20250828,lstm_buffer_risk,buy,603161.SH,0.014496901072561741
20250828,lstm_buffer_risk,buy,002537.SZ,0.013550992123782635
20250828,lstm_buffer_risk,buy,000803.SZ,0.011123811826109886
20250829,lstm_buffer_risk,sell,300536.SZ,-0.002664068480953574
20250829,lstm_buffer_risk,sell,002706.SZ,0.00043577014002949
20250829,lstm_buffer_risk,sell,603458.SH,0.0007278957637026906
20250829,lstm_buffer_risk,buy,000592.SZ,0.013150687329471111
20250829,lstm_buffer_risk,buy,603856.SH,0.010109489783644676
20250829,lstm_buffer_risk,buy,603518.SH,0.010056042112410069
20250901,lstm_buffer_risk,sell,603038.SH,0.0013475571759045124
20250901,lstm_buffer_risk,sell,603106.SH,0.0014416554477065802
20250901,lstm_buffer_risk,sell,600530.SH,0.0019649020396173
20250901,lstm_buffer_risk,buy,002636.SZ,0.011632022447884083
20250901,lstm_buffer_risk,buy,000619.SZ,0.010797249153256416
20250901,lstm_buffer_risk,buy,300078.SZ,0.009892650879919529
20250902,lstm_buffer_risk,sell,002537.SZ,0.0006569827091880143
20250902,lstm_buffer_risk,sell,603856.SH,0.002038178499788046
20250902,lstm_buffer_risk,sell,000592.SZ,0.002056074794381857
20250902,lstm_buffer_risk,buy,600153.SH,0.009815257042646408
20250902,lstm_buffer_risk,buy,000719.SZ,0.008311060257256031
20250902,lstm_buffer_risk,buy,002229.SZ,0.007475527934730053
20250903,lstm_buffer_risk,sell,300078.SZ,0.001761490711942315
20250903,lstm_buffer_risk,sell,000719.SZ,0.002236119005829096
20250903,lstm_buffer_risk,sell,603161.SH,0.0025557284243404865
20250903,lstm_buffer_risk,buy,002188.SZ,0.015171926468610764
20250903,lstm_buffer_risk,buy,002357.SZ,0.013821647502481937
20250903,lstm_buffer_risk,buy,603058.SH,0.010240559466183186
20250904,lstm_buffer_risk,sell,600153.SH,0.001594414236024022
20250904,lstm_buffer_risk,sell,000803.SZ,0.00178906274959445
20250904,lstm_buffer_risk,sell,002636.SZ,0.002322249114513397
20250904,lstm_buffer_risk,buy,002314.SZ,0.008182203397154808
20250904,lstm_buffer_risk,buy,600714.SH,0.00786385964602232
20250904,lstm_buffer_risk,buy,002443.SZ,0.0070462916046381
20250905,lstm_buffer_risk,sell,002443.SZ,-0.0008810593280941248
20250905,lstm_buffer_risk,sell,002314.SZ,0.0017141099087893963
20250905,lstm_buffer_risk,sell,300510.SZ,0.0017313878051936626
20250905,lstm_buffer_risk,buy,000839.SZ,0.008377532474696636
20250905,lstm_buffer_risk,buy,600103.SH,0.008232878521084785
20250905,lstm_buffer_risk,buy,600363.SH,0.008097115904092789
20250908,lstm_buffer_risk,sell,600103.SH,0.0006785629084333777
20250908,lstm_buffer_risk,sell,603518.SH,0.0009619006305001676
20250908,lstm_buffer_risk,sell,000839.SZ,0.0013084572274237871
20250908,lstm_buffer_risk,buy,603458.SH,0.00758764985948801
20250908,lstm_buffer_risk,buy,600828.SH,0.007518460974097252
20250908,lstm_buffer_risk,buy,601086.SH,0.007108443416655064
20250909,lstm_buffer_risk,sell,000619.SZ,0.0012709873262792826
20250909,lstm_buffer_risk,sell,600828.SH,0.001333701191470027
20250909,lstm_buffer_risk,sell,002229.SZ,0.001830990775488317
20250909,lstm_buffer_risk,buy,002735.SZ,0.007995284162461758
20250909,lstm_buffer_risk,buy,300258.SZ,0.0074209049344062805
20250909,lstm_buffer_risk,buy,002741.SZ,0.006091064773499966
20250910,lstm_buffer_risk,sell,002357.SZ,0.0018765298882499337
20250910,lstm_buffer_risk,sell,600714.SH,0.002052397932857275
20250910,lstm_buffer_risk,sell,603058.SH,0.002625150140374899
20250910,lstm_buffer_risk,buy,002516.SZ,0.012037518434226513
20250910,lstm_buffer_risk,buy,603363.SH,0.009018701501190662
20250910,lstm_buffer_risk,buy,000926.SZ,0.008294289000332355
20250911,lstm_buffer_risk,sell,603458.SH,0.0006873345701023936
20250911,lstm_buffer_risk,sell,002741.SZ,0.0012780510587617755
20250911,lstm_buffer_risk,sell,002188.SZ,0.0013004399370402098
20250911,lstm_buffer_risk,buy,300682.SZ,0.005614032037556171
20250911,lstm_buffer_risk,buy,600503.SH,0.005251403898000717
20250911,lstm_buffer_risk,buy,300415.SZ,0.004431766923516989
20250912,lstm_buffer_risk,sell,300258.SZ,-0.000504962750710547
20250912,lstm_buffer_risk,sell,000926.SZ,-0.0003147561801597476
20250912,lstm_buffer_risk,sell,002735.SZ,0.00040937180165201426
20250912,lstm_buffer_risk,buy,002392.SZ,0.0059881024062633514
20250912,lstm_buffer_risk,buy,600545.SH,0.005080224946141243
20250912,lstm_buffer_risk,buy,603328.SH,0.004474497865885496
20250915,lstm_buffer_risk,sell,603363.SH,-0.0018635268788784742
20250915,lstm_buffer_risk,sell,600363.SH,0.0005742748035117984
20250915,lstm_buffer_risk,sell,600503.SH,0.0010842783376574516
20250915,lstm_buffer_risk,buy,002534.SZ,0.006400164216756821
20250915,lstm_buffer_risk,buy,300591.SZ,0.005166360177099705
20250915,lstm_buffer_risk,buy,002654.SZ,0.0046123298816382885
20250916,lstm_buffer_risk,sell,002392.SZ,-0.0006759131792932749
20250916,lstm_buffer_risk,sell,300591.SZ,0.0008350133430212736
20250916,lstm_buffer_risk,sell,300415.SZ,0.0008350133430212736
20250916,lstm_buffer_risk,buy,300579.SZ,0.010549330152571201
20250916,lstm_buffer_risk,buy,601619.SH,0.00962876621633768
20250916,lstm_buffer_risk,buy,002565.SZ,0.007205780595541
20250917,lstm_buffer_risk,sell,601086.SH,-0.001797233009710908
20250917,lstm_buffer_risk,sell,603328.SH,-0.0007451830897480249
20250917,lstm_buffer_risk,sell,600545.SH,-0.0007132237078621984
20250917,lstm_buffer_risk,buy,300696.SZ,0.010060970671474934
20250917,lstm_buffer_risk,buy,600331.SH,0.0063591934740543365
20250917,lstm_buffer_risk,buy,000572.SZ,0.0061269402503967285
20250918,lstm_buffer_risk,sell,002654.SZ,-0.0003691029269248247
20250918,lstm_buffer_risk,sell,601619.SH,-0.00017000618390738964
20250918,lstm_buffer_risk,sell,300579.SZ,0.00022424320923164487
20250918,lstm_buffer_risk,buy,300670.SZ,0.00784813892096281
20250918,lstm_buffer_risk,buy,002929.SZ,0.007407465949654579
20250918,lstm_buffer_risk,buy,002843.SZ,0.005854576826095581
20250919,lstm_buffer_risk,sell,300696.SZ,0.00041906541446223855
20250919,lstm_buffer_risk,sell,002843.SZ,0.0009832327486947179
20250919,lstm_buffer_risk,sell,002565.SZ,0.0014122260035946965
20250919,lstm_buffer_risk,buy,600191.SH,0.014876140281558037
20250919,lstm_buffer_risk,buy,300235.SZ,0.010730848647654057
20250919,lstm_buffer_risk,buy,600067.SH,0.009949201717972755
20250922,lstm_buffer_risk,sell,300682.SZ,0.0008350133430212736
20250922,lstm_buffer_risk,sell,600331.SH,0.0011829130817204714
20250922,lstm_buffer_risk,sell,002516.SZ,0.0012975645950064063
20250922,lstm_buffer_risk,buy,300250.SZ,0.008934590965509415
20250922,lstm_buffer_risk,buy,603980.SH,0.007808331400156021
20250922,lstm_buffer_risk,buy,300162.SZ,0.007551673799753189
20250923,lstm_buffer_risk,sell,000572.SZ,-0.0016027395613491535
20250923,lstm_buffer_risk,sell,300235.SZ,-0.0008550627389922738
20250923,lstm_buffer_risk,sell,002534.SZ,-0.0007439666660502553
20250923,lstm_buffer_risk,buy,600170.SH,0.014681168831884861
20250923,lstm_buffer_risk,buy,603168.SH,0.007759595289826393
20250923,lstm_buffer_risk,buy,300076.SZ,0.007528564892709255
20250924,lstm_buffer_risk,sell,002929.SZ,0.0011224494082853198
20250924,lstm_buffer_risk,sell,300162.SZ,0.0023781033232808113
20250924,lstm_buffer_risk,sell,300670.SZ,0.0024401620030403137
20250924,lstm_buffer_risk,buy,002247.SZ,0.013923217542469501
20250924,lstm_buffer_risk,buy,600408.SH,0.011303681880235672
20250924,lstm_buffer_risk,buy,600743.SH,0.011045639403164387
20250925,lstm_buffer_risk,sell,603168.SH,-0.0028381638694554567
20250925,lstm_buffer_risk,sell,300076.SZ,-0.0023151119239628315
20250925,lstm_buffer_risk,sell,600067.SH,0.001847724663093686
20250925,lstm_buffer_risk,buy,603030.SH,0.009026295505464077
20250925,lstm_buffer_risk,buy,000978.SZ,0.006935721263289452
20250925,lstm_buffer_risk,buy,300227.SZ,0.006769477389752865
20250926,lstm_buffer_risk,sell,600191.SH,0.001988497097045183
20250926,lstm_buffer_risk,sell,600743.SH,0.002230870770290494
20250926,lstm_buffer_risk,sell,603980.SH,0.002507413038983941
20250926,lstm_buffer_risk,buy,600239.SH,0.009656219743192196
20250926,lstm_buffer_risk,buy,300190.SZ,0.009126431308686733
20250926,lstm_buffer_risk,buy,000514.SZ,0.007833431474864483
20250929,lstm_buffer_risk,sell,002247.SZ,0.001623902702704072
20250929,lstm_buffer_risk,sell,000514.SZ,0.0017328552203252912
20250929,lstm_buffer_risk,sell,600408.SH,0.002067022491246462
20250929,lstm_buffer_risk,buy,300670.SZ,0.009953719563782215
20250929,lstm_buffer_risk,buy,002161.SZ,0.00929012056440115
20250929,lstm_buffer_risk,buy,002471.SZ,0.008562122471630573
20250930,lstm_buffer_risk,sell,300227.SZ,-0.0004872073186561465
20250930,lstm_buffer_risk,sell,300250.SZ,0.000548219250049442
20250930,lstm_buffer_risk,sell,002471.SZ,0.0012096429709345102
20250930,lstm_buffer_risk,buy,002029.SZ,0.01039685308933258
20250930,lstm_buffer_risk,buy,000826.SZ,0.008696380071341991
20250930,lstm_buffer_risk,buy,002208.SZ,0.008118750527501106
20251009,lstm_buffer_risk,sell,300670.SZ,-9.877077536657453e-05
20251009,lstm_buffer_risk,sell,002161.SZ,0.0008350133430212736
20251009,lstm_buffer_risk,sell,000978.SZ,0.0014621911104768515
20251009,lstm_buffer_risk,buy,002140.SZ,0.01081253495067358
20251009,lstm_buffer_risk,buy,000020.SZ,0.007575375959277153
20251009,lstm_buffer_risk,buy,300536.SZ,0.006117401644587517
20251010,lstm_buffer_risk,sell,603030.SH,-0.0006977352313697338
20251010,lstm_buffer_risk,sell,600170.SH,0.00014421541709452868
20251010,lstm_buffer_risk,sell,600239.SH,0.0008890348253771663
20251010,lstm_buffer_risk,buy,300291.SZ,0.012454800307750702
20251010,lstm_buffer_risk,buy,603421.SH,0.011003940366208553
20251010,lstm_buffer_risk,buy,300715.SZ,0.009311326779425144
20251013,lstm_buffer_risk,sell,002208.SZ,-0.0017036069184541702
20251013,lstm_buffer_risk,sell,002029.SZ,-0.0005129359196871519
20251013,lstm_buffer_risk,sell,300536.SZ,0.0007194255595095456
20251013,lstm_buffer_risk,buy,603790.SH,0.009412573650479317
20251013,lstm_buffer_risk,buy,002622.SZ,0.005421836860477924
20251013,lstm_buffer_risk,buy,002366.SZ,0.004839327186346054
20251014,lstm_buffer_risk,sell,300291.SZ,0.0009895238326862454
20251014,lstm_buffer_risk,sell,002140.SZ,0.0013389160158112645
20251014,lstm_buffer_risk,sell,000826.SZ,0.0017479693051427603
20251014,lstm_buffer_risk,buy,300056.SZ,0.009530284442007542
20251014,lstm_buffer_risk,buy,000753.SZ,0.009194468148052692
20251014,lstm_buffer_risk,buy,002772.SZ,0.007898271083831787
20251015,lstm_buffer_risk,sell,603421.SH,0.0016580690862610936
20251015,lstm_buffer_risk,sell,000753.SZ,0.0025281840935349464
20251015,lstm_buffer_risk,sell,300715.SZ,0.0032868916168808937
20251015,lstm_buffer_risk,buy,002064.SZ,0.010943538509309292
20251015,lstm_buffer_risk,buy,300227.SZ,0.00922379083931446
20251015,lstm_buffer_risk,buy,300532.SZ,0.008546222001314163
20251016,lstm_buffer_risk,sell,300227.SZ,-0.006596449762582779
20251016,lstm_buffer_risk,sell,300532.SZ,-0.0003069716040045023
20251016,lstm_buffer_risk,sell,000020.SZ,0.001665992895141244
20251016,lstm_buffer_risk,buy,002911.SZ,0.008332354947924614
20251016,lstm_buffer_risk,buy,600846.SH,0.006979295983910561
20251016,lstm_buffer_risk,buy,002084.SZ,0.005360675975680351
20251017,lstm_buffer_risk,sell,300190.SZ,0.0021107234060764313
20251017,lstm_buffer_risk,sell,002366.SZ,0.002387748099863529
20251017,lstm_buffer_risk,sell,002064.SZ,0.0027347076684236526
20251017,lstm_buffer_risk,buy,002616.SZ,0.015697376802563667
20251017,lstm_buffer_risk,buy,300753.SZ,0.007136312313377857
20251017,lstm_buffer_risk,buy,000753.SZ,0.00703800655901432
20251020,lstm_buffer_risk,sell,300753.SZ,0.0018972682300955057
20251020,lstm_buffer_risk,sell,603790.SH,0.0019300478743389249
20251020,lstm_buffer_risk,sell,002622.SZ,0.00209981482475996
20251020,lstm_buffer_risk,buy,002560.SZ,0.016598235815763474
20251020,lstm_buffer_risk,buy,000682.SZ,0.008508528582751751
20251020,lstm_buffer_risk,buy,002755.SZ,0.00796534027904272
20251021,lstm_buffer_risk,sell,000682.SZ,0.001250174012966454
20251021,lstm_buffer_risk,sell,002911.SZ,0.0018153763376176357
20251021,lstm_buffer_risk,sell,002560.SZ,0.001981928013265133
20251021,lstm_buffer_risk,buy,002488.SZ,0.007372880354523659
20251021,lstm_buffer_risk,buy,002825.SZ,0.006837837398052216
20251021,lstm_buffer_risk,buy,600638.SH,0.006022396497428417
20251022,lstm_buffer_risk,sell,002772.SZ,-0.001303226687014103
20251022,lstm_buffer_risk,sell,002755.SZ,-0.0007164629641920328
20251022,lstm_buffer_risk,sell,600638.SH,0.0008395843324251473
20251022,lstm_buffer_risk,buy,002829.SZ,0.006232166662812233
20251022,lstm_buffer_risk,buy,002716.SZ,0.0060356538742780685
20251022,lstm_buffer_risk,buy,000969.SZ,0.00539250485599041
20251023,lstm_buffer_risk,sell,600846.SH,0.0009154110448434949
20251023,lstm_buffer_risk,sell,002716.SZ,0.001458816695958376
20251023,lstm_buffer_risk,sell,002084.SZ,0.001752759562805295
20251023,lstm_buffer_risk,buy,603778.SH,0.011342113837599754
20251023,lstm_buffer_risk,buy,600857.SH,0.006709275767207146
20251023,lstm_buffer_risk,buy,600133.SH,0.005533985793590546
20251024,lstm_buffer_risk,sell,002488.SZ,0.00041935150511562824
20251024,lstm_buffer_risk,sell,000753.SZ,0.0008703324710950255
20251024,lstm_buffer_risk,sell,300056.SZ,0.001063536386936903
20251024,lstm_buffer_risk,buy,601068.SH,0.013962949626147747
20251024,lstm_buffer_risk,buy,002723.SZ,0.010991834104061127
20251024,lstm_buffer_risk,buy,002307.SZ,0.009369644336402416
20251027,lstm_buffer_risk,sell,002616.SZ,0.0005625298363156617
20251027,lstm_buffer_risk,sell,002307.SZ,0.0016640126705169678
20251027,lstm_buffer_risk,sell,603778.SH,0.0017403550446033478
20251027,lstm_buffer_risk,buy,300675.SZ,0.012135232798755169
20251027,lstm_buffer_risk,buy,002481.SZ,0.0086829150095582
20251027,lstm_buffer_risk,buy,002828.SZ,0.007920394651591778
20251028,lstm_buffer_risk,sell,600133.SH,-0.0003503670450299978
20251028,lstm_buffer_risk,sell,002723.SZ,0.0005591477965936065
20251028,lstm_buffer_risk,sell,002825.SZ,0.001937045599333942
20251028,lstm_buffer_risk,buy,002578.SZ,0.013351415283977985
20251028,lstm_buffer_risk,buy,600933.SH,0.00987333431839943
20251028,lstm_buffer_risk,buy,002743.SZ,0.008341271430253983
20251029,lstm_buffer_risk,sell,000969.SZ,-0.0006307824514806271
20251029,lstm_buffer_risk,sell,002481.SZ,0.0010516870534047484
20251029,lstm_buffer_risk,sell,002829.SZ,0.0011022372636944056
20251029,lstm_buffer_risk,buy,600618.SH,0.008288607932627201
20251029,lstm_buffer_risk,buy,600395.SH,0.007547038607299328
20251029,lstm_buffer_risk,buy,002478.SZ,0.005035157315433025
20251030,lstm_buffer_risk,sell,600618.SH,0.00042749871499836445
20251030,lstm_buffer_risk,sell,600395.SH,0.0005545499734580517
20251030,lstm_buffer_risk,sell,002743.SZ,0.0005580008728429675
20251030,lstm_buffer_risk,buy,600897.SH,0.013696427457034588
20251030,lstm_buffer_risk,buy,603817.SH,0.010985562577843666
20251030,lstm_buffer_risk,buy,000632.SZ,0.009766859002411366
20251031,lstm_buffer_risk,sell,600857.SH,0.0006599612534046173
20251031,lstm_buffer_risk,sell,600933.SH,0.0011732876300811768
20251031,lstm_buffer_risk,sell,002478.SZ,0.0015743752010166645
20251031,lstm_buffer_risk,buy,000571.SZ,0.012392954900860786
20251031,lstm_buffer_risk,buy,002391.SZ,0.011132626794278622
20251031,lstm_buffer_risk,buy,603717.SH,0.00928912777453661
20251103,lstm_buffer_risk,sell,002828.SZ,0.0008350133430212736
20251103,lstm_buffer_risk,sell,000571.SZ,0.0011082141427323222
20251103,lstm_buffer_risk,sell,300675.SZ,0.001414207392372191
20251103,lstm_buffer_risk,buy,603002.SH,0.007329667918384075
20251103,lstm_buffer_risk,buy,600569.SH,0.007233897224068642
20251103,lstm_buffer_risk,buy,601333.SH,0.006949889473617077
20251104,lstm_buffer_risk,sell,601333.SH,-0.0009357089875265956
20251104,lstm_buffer_risk,sell,000632.SZ,-0.0001663491129875183
20251104,lstm_buffer_risk,sell,002578.SZ,0.0003220389480702579
20251104,lstm_buffer_risk,buy,002009.SZ,0.008556707762181759
20251104,lstm_buffer_risk,buy,600499.SH,0.008380880579352379
20251104,lstm_buffer_risk,buy,300328.SZ,0.008056924678385258
20251105,lstm_buffer_risk,sell,601068.SH,0.0009072685497812927
20251105,lstm_buffer_risk,sell,603817.SH,0.0009613679139874876
20251105,lstm_buffer_risk,sell,603717.SH,0.0014634523540735245
20251105,lstm_buffer_risk,buy,002196.SZ,0.011122572235763073
20251105,lstm_buffer_risk,buy,600857.SH,0.009486827999353409
20251105,lstm_buffer_risk,buy,603890.SH,0.008118622936308384
20251106,lstm_buffer_risk,sell,603002.SH,-0.0023468935396522284
20251106,lstm_buffer_risk,sell,600569.SH,0.0007165099959820509
20251106,lstm_buffer_risk,sell,002391.SZ,0.0018573567504063249
20251106,lstm_buffer_risk,buy,300490.SZ,0.009388620965182781
20251106,lstm_buffer_risk,buy,002578.SZ,0.006089308299124241
20251106,lstm_buffer_risk,buy,300057.SZ,0.005795280449092388
20251107,lstm_buffer_risk,sell,002009.SZ,0.0005443926784209907
20251107,lstm_buffer_risk,sell,002196.SZ,0.0006121377809904516
20251107,lstm_buffer_risk,sell,600499.SH,0.001427189214155078
20251107,lstm_buffer_risk,buy,000524.SZ,0.010318185202777386
20251107,lstm_buffer_risk,buy,002638.SZ,0.009832785464823246
20251107,lstm_buffer_risk,buy,600416.SH,0.009473338723182678
20251110,lstm_buffer_risk,sell,603890.SH,-0.0019393193069845438
20251110,lstm_buffer_risk,sell,300057.SZ,-0.0019114813767373562
20251110,lstm_buffer_risk,sell,600897.SH,0.00047856493620201945
20251110,lstm_buffer_risk,buy,600370.SH,0.009024858474731445
20251110,lstm_buffer_risk,buy,600218.SH,0.007228478789329529
20251110,lstm_buffer_risk,buy,300331.SZ,0.006087241694331169
20251111,lstm_buffer_risk,sell,002638.SZ,-0.00023075996432453394
20251111,lstm_buffer_risk,sell,300490.SZ,0.0008350133430212736
20251111,lstm_buffer_risk,sell,002578.SZ,0.0013705713208764791
20251111,lstm_buffer_risk,buy,002345.SZ,0.008567086420953274
20251111,lstm_buffer_risk,buy,300403.SZ,0.008557154797017574
20251111,lstm_buffer_risk,buy,002522.SZ,0.008334753103554249
20251112,lstm_buffer_risk,sell,300328.SZ,-0.0005968075711280107
20251112,lstm_buffer_risk,sell,600370.SH,0.0016567129641771317
20251112,lstm_buffer_risk,sell,600218.SH,0.0017100058030337095
20251112,lstm_buffer_risk,buy,002636.SZ,0.01033357810229063
20251112,lstm_buffer_risk,buy,002940.SZ,0.008150401525199413
20251112,lstm_buffer_risk,buy,002256.SZ,0.0054917652159929276
20251113,lstm_buffer_risk,sell,000524.SZ,7.935165194794536e-05
20251113,lstm_buffer_risk,sell,002256.SZ,0.0003524533240124583
20251113,lstm_buffer_risk,sell,300331.SZ,0.0018555555725470185
20251113,lstm_buffer_risk,buy,002328.SZ,0.01164533756673336
20251113,lstm_buffer_risk,buy,300057.SZ,0.006068984977900982
20251113,lstm_buffer_risk,buy,600977.SH,0.006014694459736347
20251114,lstm_buffer_risk,sell,300057.SZ,-0.000713482266291976
20251114,lstm_buffer_risk,sell,002345.SZ,-0.00039663165807724
20251114,lstm_buffer_risk,sell,002522.SZ,0.0008810120052658021
20251114,lstm_buffer_risk,buy,600654.SH,0.009027387015521526
20251114,lstm_buffer_risk,buy,603027.SH,0.00840681977570057
20251114,lstm_buffer_risk,buy,300150.SZ,0.005712349899113178
20251117,lstm_buffer_risk,sell,600857.SH,0.001014450564980507
20251117,lstm_buffer_risk,sell,600416.SH,0.001188584603369236
20251117,lstm_buffer_risk,sell,002636.SZ,0.001451751566492021
20251117,lstm_buffer_risk,buy,000410.SZ,0.007699985057115555
20251117,lstm_buffer_risk,buy,300005.SZ,0.007489196956157684
20251117,lstm_buffer_risk,buy,300464.SZ,0.007472194731235504
20251118,lstm_buffer_risk,sell,603027.SH,-0.003846781561151147
20251118,lstm_buffer_risk,sell,600654.SH,0.0001366453943774104
20251118,lstm_buffer_risk,sell,300403.SZ,0.0008350133430212736
20251118,lstm_buffer_risk,buy,002548.SZ,0.01296131033450365
20251118,lstm_buffer_risk,buy,002691.SZ,0.008081124164164066
20251118,lstm_buffer_risk,buy,603527.SH,0.006624153815209866
20251119,lstm_buffer_risk,sell,002940.SZ,0.00028418441070243716
20251119,lstm_buffer_risk,sell,300464.SZ,0.000600046943873167
20251119,lstm_buffer_risk,sell,000410.SZ,0.0007130692829377949
20251119,lstm_buffer_risk,buy,000665.SZ,0.01569322869181633
20251119,lstm_buffer_risk,buy,600327.SH,0.015154090709984303
20251119,lstm_buffer_risk,buy,002215.SZ,0.012177490629255772
20251120,lstm_buffer_risk,sell,300005.SZ,0.00021756236674264073
20251120,lstm_buffer_risk,sell,300150.SZ,0.0020091314800083637
20251120,lstm_buffer_risk,sell,002328.SZ,0.002407352440059185
20251120,lstm_buffer_risk,buy,300410.SZ,0.013480682857334614
20251120,lstm_buffer_risk,buy,002198.SZ,0.012592738494277
20251120,lstm_buffer_risk,buy,600207.SH,0.011364283971488476
20251121,lstm_buffer_risk,sell,600977.SH,0.0017442632233723998
20251121,lstm_buffer_risk,sell,000665.SZ,0.0020181923173367977
20251121,lstm_buffer_risk,sell,002198.SZ,0.00225521856918931
20251121,lstm_buffer_risk,buy,000635.SZ,0.015100511722266674
20251121,lstm_buffer_risk,buy,000586.SZ,0.01171035785228014
20251121,lstm_buffer_risk,buy,600618.SH,0.009838495403528214
20251124,lstm_buffer_risk,sell,002548.SZ,0.004248644225299358
20251124,lstm_buffer_risk,sell,600327.SH,0.0046239690855145454
20251124,lstm_buffer_risk,sell,002215.SZ,0.0047312150709331036
20251124,lstm_buffer_risk,buy,000890.SZ,0.01865604892373085
20251124,lstm_buffer_risk,buy,600623.SH,0.01854950189590454
20251124,lstm_buffer_risk,buy,603839.SH,0.015337050892412663
20251125,lstm_buffer_risk,sell,600618.SH,0.0022256416268646717
20251125,lstm_buffer_risk,sell,000890.SZ,0.003595885820686817
20251125,lstm_buffer_risk,sell,002691.SZ,0.003976189531385899
20251125,lstm_buffer_risk,buy,002840.SZ,0.010901770554482937
20251125,lstm_buffer_risk,buy,002084.SZ,0.00926952250301838
20251125,lstm_buffer_risk,buy,300340.SZ,0.007717277854681015
20251126,lstm_buffer_risk,sell,603839.SH,0.0022876644507050514
20251126,lstm_buffer_risk,sell,002084.SZ,0.002624393906444311
20251126,lstm_buffer_risk,sell,000635.SZ,0.0036271491553634405
20251126,lstm_buffer_risk,buy,600097.SH,0.01435620617121458
20251126,lstm_buffer_risk,buy,002696.SZ,0.009953238070011139
20251126,lstm_buffer_risk,buy,002928.SZ,0.009312228299677372
20251127,lstm_buffer_risk,sell,600623.SH,0.0020509620662778616
20251127,lstm_buffer_risk,sell,002840.SZ,0.003416827879846096
20251127,lstm_buffer_risk,sell,000586.SZ,0.003492840565741062
20251127,lstm_buffer_risk,buy,002856.SZ,0.012090775184333324
20251127,lstm_buffer_risk,buy,000048.SZ,0.010329402051866055
20251127,lstm_buffer_risk,buy,002575.SZ,0.01016066875308752
20251128,lstm_buffer_risk,sell,600097.SH,0.0034736075904220343
20251128,lstm_buffer_risk,sell,002928.SZ,0.0035939845256507397
20251128,lstm_buffer_risk,sell,300410.SZ,0.0036531512159854174
20251128,lstm_buffer_risk,buy,600337.SH,0.012651328928768635
20251128,lstm_buffer_risk,buy,002397.SZ,0.00915539637207985
20251128,lstm_buffer_risk,buy,002486.SZ,0.009047558531165123
20251201,lstm_buffer_risk,sell,002575.SZ,0.002002038760110736
20251201,lstm_buffer_risk,sell,002486.SZ,0.0021540687885135412
20251201,lstm_buffer_risk,sell,600337.SH,0.002282914239913225
20251201,lstm_buffer_risk,buy,002187.SZ,0.00955237541347742
20251201,lstm_buffer_risk,buy,002888.SZ,0.009294201619923115
20251201,lstm_buffer_risk,buy,002492.SZ,0.005884524434804916
20251202,lstm_buffer_risk,sell,600207.SH,0.0015547794755548239
20251202,lstm_buffer_risk,sell,603527.SH,0.0017054309137165546
20251202,lstm_buffer_risk,sell,002888.SZ,0.0019465198274701834
20251202,lstm_buffer_risk,buy,600227.SH,0.010491139255464077
20251202,lstm_buffer_risk,buy,000678.SZ,0.007775104604661465
20251202,lstm_buffer_risk,buy,600151.SH,0.006535839289426804
20251203,lstm_buffer_risk,sell,300340.SZ,0.000972128298599273
20251203,lstm_buffer_risk,sell,002492.SZ,0.0013348141219466925
20251203,lstm_buffer_risk,sell,002187.SZ,0.002002880210056901
20251203,lstm_buffer_risk,buy,600977.SH,0.01143739465624094
20251203,lstm_buffer_risk,buy,002563.SZ,0.009418190456926823
20251203,lstm_buffer_risk,buy,002667.SZ,0.006084333173930645
20251204,lstm_buffer_risk,sell,002696.SZ,0.0009348094463348389
20251204,lstm_buffer_risk,sell,600151.SH,0.001383879454806447
20251204,lstm_buffer_risk,sell,000048.SZ,0.0016576203051954508
20251204,lstm_buffer_risk,buy,300376.SZ,0.009877083823084831
20251204,lstm_buffer_risk,buy,300283.SZ,0.006327267736196518
20251204,lstm_buffer_risk,buy,002862.SZ,0.006052336655557156
20251205,lstm_buffer_risk,sell,002397.SZ,0.0008947902242653072
20251205,lstm_buffer_risk,sell,002856.SZ,0.0012438964331522584
20251205,lstm_buffer_risk,sell,002563.SZ,0.0012930934317409992
20251205,lstm_buffer_risk,buy,002842.SZ,0.018480375409126282
20251205,lstm_buffer_risk,buy,300586.SZ,0.018442142754793167
20251205,lstm_buffer_risk,buy,600207.SH,0.017311885952949524
20251208,lstm_buffer_risk,sell,300283.SZ,-0.001849017571657896
20251208,lstm_buffer_risk,sell,600227.SH,-0.00016455352306365967
20251208,lstm_buffer_risk,sell,300376.SZ,0.0007801934261806309
20251208,lstm_buffer_risk,buy,600470.SH,0.01148202084004879
20251208,lstm_buffer_risk,buy,300650.SZ,0.009400947950780392
20251208,lstm_buffer_risk,buy,002386.SZ,0.007604367099702358
20251209,lstm_buffer_risk,sell,002386.SZ,0.0007130680023692548
20251209,lstm_buffer_risk,sell,002842.SZ,0.0008214941481128335
20251209,lstm_buffer_risk,sell,600977.SH,0.0011895430507138371
20251209,lstm_buffer_risk,buy,600103.SH,0.008884595707058907
20251209,lstm_buffer_risk,buy,002026.SZ,0.008451712317764759
20251209,lstm_buffer_risk,buy,002723.SZ,0.008115469478070736
20251210,lstm_buffer_risk,sell,600470.SH,0.001339321257546544
20251210,lstm_buffer_risk,sell,002862.SZ,0.002228070981800556
20251210,lstm_buffer_risk,sell,002667.SZ,0.002487984485924244
20251210,lstm_buffer_risk,buy,002560.SZ,0.01255070511251688
20251210,lstm_buffer_risk,buy,603015.SH,0.009161059744656086
20251210,lstm_buffer_risk,buy,603080.SH,0.008222918026149273
20251211,lstm_buffer_risk,sell,002723.SZ,0.0002459982642903924
20251211,lstm_buffer_risk,sell,000678.SZ,0.0009706289856694639
20251211,lstm_buffer_risk,sell,002026.SZ,0.001564017147757113
20251211,lstm_buffer_risk,buy,002339.SZ,0.01390351727604866
20251211,lstm_buffer_risk,buy,603817.SH,0.010369128547608852
20251211,lstm_buffer_risk,buy,600067.SH,0.009205826558172703
20251212,lstm_buffer_risk,sell,300586.SZ,0.0008045491413213313
20251212,lstm_buffer_risk,sell,603080.SH,0.0018522790633141994
20251212,lstm_buffer_risk,sell,300650.SZ,0.0022584768012166023
20251212,lstm_buffer_risk,buy,600058.SH,0.00907313171774149
20251212,lstm_buffer_risk,buy,002534.SZ,0.007878785952925682
20251212,lstm_buffer_risk,buy,601908.SH,0.007571096532046795
20251215,lstm_buffer_risk,sell,600207.SH,0.0007862667553126812
20251215,lstm_buffer_risk,sell,002534.SZ,0.0021917512640357018
20251215,lstm_buffer_risk,sell,600067.SH,0.0025906492955982685
20251215,lstm_buffer_risk,buy,600678.SH,0.011182785965502262
20251215,lstm_buffer_risk,buy,002316.SZ,0.011074798181653023
20251215,lstm_buffer_risk,buy,002694.SZ,0.007534033618867397
20251216,lstm_buffer_risk,sell,600058.SH,-0.0007857170421630144
20251216,lstm_buffer_risk,sell,002560.SZ,-0.00023380527272820473
20251216,lstm_buffer_risk,sell,601908.SH,-0.000161678995937109
20251216,lstm_buffer_risk,buy,002584.SZ,0.00882736500352621
20251216,lstm_buffer_risk,buy,002309.SZ,0.00878658052533865
20251216,lstm_buffer_risk,buy,600776.SH,0.006811249069869518
20251217,lstm_buffer_risk,sell,002339.SZ,-0.0004577231593430042
20251217,lstm_buffer_risk,sell,600103.SH,-6.58123753964901e-05
20251217,lstm_buffer_risk,sell,600678.SH,0.0008642723551020026
20251217,lstm_buffer_risk,buy,000520.SZ,0.012838408350944519
20251217,lstm_buffer_risk,buy,000993.SZ,0.012719341553747654
20251217,lstm_buffer_risk,buy,600686.SH,0.012583642266690731
20251218,lstm_buffer_risk,sell,000520.SZ,0.0013125382829457521
20251218,lstm_buffer_risk,sell,603817.SH,0.0016968834679573774
20251218,lstm_buffer_risk,sell,600686.SH,0.0017634218093007803
20251218,lstm_buffer_risk,buy,002066.SZ,0.011483567766845226
20251218,lstm_buffer_risk,buy,600939.SH,0.009985905140638351
20251218,lstm_buffer_risk,buy,002692.SZ,0.00877359975129366
20251219,lstm_buffer_risk,sell,002692.SZ,0.0010296248365193605
20251219,lstm_buffer_risk,sell,002309.SZ,0.0011277353623881936
20251219,lstm_buffer_risk,sell,600939.SH,0.0011423074174672365
20251219,lstm_buffer_risk,buy,002514.SZ,0.011191776022315025
20251219,lstm_buffer_risk,buy,000520.SZ,0.00867460947483778
20251219,lstm_buffer_risk,buy,002674.SZ,0.00748412124812603
20251222,lstm_buffer_risk,sell,002584.SZ,-0.0013263956643640995
20251222,lstm_buffer_risk,sell,002066.SZ,0.0018046419136226177
20251222,lstm_buffer_risk,sell,000993.SZ,0.002314050681889057
20251222,lstm_buffer_risk,buy,603703.SH,0.01594957895576954
20251222,lstm_buffer_risk,buy,000014.SZ,0.011396701447665691
20251222,lstm_buffer_risk,buy,002319.SZ,0.009868940338492393
20251223,lstm_buffer_risk,sell,603015.SH,0.0017409471329301596
20251223,lstm_buffer_risk,sell,000520.SZ,0.0022897105664014816
20251223,lstm_buffer_risk,sell,600776.SH,0.0036652369890362024
20251223,lstm_buffer_risk,buy,002204.SZ,0.012131056748330593
20251223,lstm_buffer_risk,buy,600530.SH,0.01211291179060936
20251223,lstm_buffer_risk,buy,603421.SH,0.0108330138027668
20251224,lstm_buffer_risk,sell,002694.SZ,0.0011110047344118357
20251224,lstm_buffer_risk,sell,000014.SZ,0.001674732193350792
20251224,lstm_buffer_risk,sell,002674.SZ,0.0023183985613286495
20251224,lstm_buffer_risk,buy,000796.SZ,0.012435689568519592
20251224,lstm_buffer_risk,buy,000886.SZ,0.012148632667958736
20251224,lstm_buffer_risk,buy,603977.SH,0.010812976397573948
20251225,lstm_buffer_risk,sell,002316.SZ,-0.0019081644713878632
20251225,lstm_buffer_risk,sell,002204.SZ,0.0008798243943601847
20251225,lstm_buffer_risk,sell,603421.SH,0.001520142424851656
20251225,lstm_buffer_risk,buy,002842.SZ,0.01651695929467678
20251225,lstm_buffer_risk,buy,002378.SZ,0.012514160014688969
20251225,lstm_buffer_risk,buy,002320.SZ,0.009557331912219524
20251226,lstm_buffer_risk,sell,600530.SH,0.0020083768758922815
20251226,lstm_buffer_risk,sell,603977.SH,0.0022621527314186096
20251226,lstm_buffer_risk,sell,002378.SZ,0.0027283895760774612
20251226,lstm_buffer_risk,buy,002166.SZ,0.007684842683374882
20251226,lstm_buffer_risk,buy,002723.SZ,0.006598807871341705
20251226,lstm_buffer_risk,buy,603879.SH,0.005276929587125778
20251229,lstm_buffer_risk,sell,002842.SZ,0.0009713525651022792
20251229,lstm_buffer_risk,sell,000886.SZ,0.001532049966044724
20251229,lstm_buffer_risk,sell,002320.SZ,0.002226186916232109
20251229,lstm_buffer_risk,buy,002560.SZ,0.011336741968989372
20251229,lstm_buffer_risk,buy,300720.SZ,0.005677484907209873
20251229,lstm_buffer_risk,buy,002476.SZ,0.005182476714253426
20251230,lstm_buffer_risk,sell,603879.SH,0.000383834820240736
20251230,lstm_buffer_risk,sell,300720.SZ,0.0007153431652113795
20251230,lstm_buffer_risk,sell,002319.SZ,0.0008388535934500396
20251230,lstm_buffer_risk,buy,600802.SH,0.008805790916085243
20251230,lstm_buffer_risk,buy,601068.SH,0.008032932877540588
20251230,lstm_buffer_risk,buy,002795.SZ,0.006324416026473045
20251231,lstm_buffer_risk,sell,002514.SZ,0.00034028798108920455
20251231,lstm_buffer_risk,sell,603703.SH,0.0008350133430212736
20251231,lstm_buffer_risk,sell,002723.SZ,0.0011883617844432592
20251231,lstm_buffer_risk,buy,002202.SZ,0.008697094395756721
20251231,lstm_buffer_risk,buy,000420.SZ,0.007543938234448433
20251231,lstm_buffer_risk,buy,002012.SZ,0.005994810722768307
