trade_date,action,ts_code,pred
20250102,buy,300006.SZ,0.0034452825784683228
20250102,buy,300025.SZ,0.0031625661067664623
20250102,buy,000586.SZ,0.0029628064949065447
20250102,buy,002856.SZ,0.0029510692693293095
20250102,buy,300464.SZ,0.0029251009691506624
20250102,buy,300106.SZ,0.002922098385170102
20250102,buy,300536.SZ,0.0029216574039310217
20250102,buy,300278.SZ,0.00289747747592628
20250102,buy,600725.SH,0.0028815357945859432
20250102,buy,002193.SZ,0.002881452674046159
20250103,sell,002193.SZ,0.0014267141232267022
20250103,sell,600725.SH,0.0029394503217190504
20250103,buy,002513.SZ,0.0035155541263520718
20250103,buy,300591.SZ,0.003477509133517742
20250106,sell,300591.SZ,0.002830369397997856
20250106,sell,300278.SZ,0.0031299267429858446
20250106,buy,600590.SH,0.003335299901664257
20250106,buy,603839.SH,0.003331296145915985
20250107,sell,300464.SZ,0.002628389745950699
20250107,sell,002513.SZ,0.002725239610299468
20250107,buy,601798.SH,0.0034632650204002857
20250107,buy,002491.SZ,0.003392162499949336
20250108,sell,600590.SH,0.0015181591734290123
20250108,sell,002491.SZ,0.0015424034791067243
20250108,buy,600807.SH,0.003613937646150589
20250108,buy,603015.SH,0.0032223681919276714
20250109,sell,603015.SH,
20250109,sell,300106.SZ,0.0020652844104915857
20250109,buy,002547.SZ,0.003198738442733884
20250109,buy,603002.SH,0.003178903367370367
20250110,sell,603002.SH,-0.0002860305830836296
20250110,sell,002547.SZ,0.0005934280343353748
20250110,buy,002861.SZ,0.00329528097063303
20250110,buy,601086.SH,0.00328362756408751
20250113,sell,300536.SZ,0.0020006480626761913
20250113,sell,603839.SH,0.002324245637282729
20250113,buy,603991.SH,0.0037756923120468855
20250113,buy,000633.SZ,0.003544398583471775
20250114,sell,000633.SZ,0.0010071033611893654
20250114,sell,603991.SH,0.0017173029482364655
20250114,buy,002691.SZ,0.003511891234666109
20250114,buy,002310.SZ,0.00335064553655684
20250115,sell,002310.SZ,-0.0003414310049265623
20250115,sell,002691.SZ,0.0009122965857386589
20250115,buy,002712.SZ,0.0033519300632178783
20250115,buy,002115.SZ,0.0033038738183677197
20250116,sell,002115.SZ,-0.0009893369860947132
20250116,sell,002712.SZ,0.0005709591787308455
20250116,buy,002427.SZ,0.003593732137233019
20250116,buy,600620.SH,0.003592069260776043
20250117,sell,002427.SZ,-0.0011615937110036612
20250117,sell,600620.SH,0.0003214217722415924
20250117,buy,603042.SH,0.0031186998821794987
20250117,buy,603001.SH,0.0030360931996256113
20250120,sell,002861.SZ,
20250120,sell,603042.SH,
20250120,buy,000020.SZ,0.003066499251872301
20250120,buy,300502.SZ,0.0029799637850373983
20250121,sell,000020.SZ,-0.00041189719922840595
20250121,sell,000586.SZ,0.0006089743692427874
20250121,buy,603188.SH,0.003325535450130701
20250121,buy,000620.SZ,0.0032053389586508274
20250122,sell,000620.SZ,-0.0008833627216517925
20250122,sell,603188.SH,-0.000526349525898695
20250122,buy,300308.SZ,0.0031778807751834393
20250122,buy,300158.SZ,0.002984889317303896
20250123,sell,300502.SZ,-0.002086702501401305
20250123,sell,601798.SH,0.0010136428754776716
20250123,buy,603729.SH,0.0034035700373351574
20250123,buy,600463.SH,0.0028723652940243483
20250124,sell,603729.SH,0.0008146092295646667
20250124,sell,300006.SZ,0.0009146088268607855
20250124,buy,603007.SH,0.002927880734205246
20250124,buy,601515.SH,0.0029077380895614624
20250127,sell,002856.SZ,0.0010670300107449293
20250127,sell,601086.SH,0.0011781016364693642
20250127,buy,603880.SH,0.0036712968721985817
20250127,buy,000016.SZ,0.0031102695502340794
20250205,sell,603880.SH,-0.0013196039944887161
20250205,sell,300025.SZ,0.0005858329823240638
20250205,buy,300563.SZ,0.0031442451290786266
20250205,buy,603177.SH,0.0031112979631870985
20250206,sell,600807.SH,-0.000910760834813118
20250206,sell,603001.SH,0.0011305366642773151
20250206,buy,600778.SH,0.00299257505685091
20250206,buy,300394.SZ,0.002981927478685975
20250207,sell,000016.SZ,0.0013747469056397676
20250207,sell,600463.SH,0.0018602613126859069
20250207,buy,000761.SZ,0.0031694984063506126
20250207,buy,002016.SZ,0.003107191063463688
20250210,sell,000761.SZ,0.0007087881676852703
20250210,sell,002016.SZ,0.0020550775807350874
20250210,buy,600579.SH,0.00327475368976593
20250210,buy,600533.SH,0.003107707481831312
20250211,sell,600579.SH,-0.0005923626013100147
20250211,sell,300158.SZ,0.0011493308702483773
20250211,buy,300422.SZ,0.0028261463157832623
20250211,buy,603900.SH,0.0025707180611789227
20250212,sell,603900.SH,-0.002108561107888818
20250212,sell,603007.SH,0.001308554201386869
20250212,buy,600187.SH,0.002914504846557975
20250212,buy,603117.SH,0.0029121797997504473
20250213,sell,600187.SH,-0.0008217236027121544
20250213,sell,603117.SH,-0.0005756397731602192
20250213,buy,000702.SZ,0.0027137037832289934
20250213,buy,002269.SZ,0.0026853326708078384
20250214,sell,000702.SZ,-1.2012431398034096e-05
20250214,sell,002269.SZ,0.00015258684288710356
20250214,buy,002052.SZ,0.0029908211436122656
20250214,buy,300502.SZ,0.002692892448976636
20250217,sell,600778.SH,0.001335471635684371
20250217,sell,600533.SH,0.0015240540960803628
20250217,buy,002686.SZ,0.0029174534138292074
20250217,buy,603269.SH,0.0027824509888887405
20250218,sell,603269.SH,-0.0007708102930337191
20250218,sell,002686.SZ,-0.00054951012134552
20250218,buy,000802.SZ,0.002763260155916214
20250218,buy,002187.SZ,0.00257640122435987
20250219,sell,601515.SH,0.001017181552015245
20250219,sell,300502.SZ,0.0011254672426730394
20250219,buy,600246.SH,0.0029350342229008675
20250219,buy,002259.SZ,0.002868711482733488
20250220,sell,600246.SH,7.335096597671509e-06
20250220,sell,300563.SZ,0.0009958480950444937
20250220,buy,002427.SZ,0.0028031880501657724
20250220,buy,000590.SZ,0.0025288662873208523
20250221,sell,000590.SZ,-0.0008801352232694626
20250221,sell,002427.SZ,0.0004015135345980525
20250221,buy,000016.SZ,0.0028693252243101597
20250221,buy,600192.SH,0.002853205893188715
20250224,sell,000016.SZ,-0.0005757773760706186
20250224,sell,600192.SH,-0.00037585338577628136
20250224,buy,600984.SH,0.0032295542769134045
20250224,buy,600965.SH,0.0032158810645341873
20250225,sell,600965.SH,-0.0015044526662677526
20250225,sell,600984.SH,-0.0009590636473149061
20250225,buy,603316.SH,0.0026935897767543793
20250225,buy,600280.SH,0.0025418198201805353
20250226,sell,603316.SH,
20250226,sell,600280.SH,-0.0006422505248337984
20250226,buy,600076.SH,0.0031637316569685936
20250226,buy,603007.SH,0.002856715815141797
20250227,sell,300394.SZ,5.941500421613455e-05
20250227,sell,603177.SH,0.0007698070257902145
20250227,buy,000619.SZ,0.003167774062603712
20250227,buy,300502.SZ,0.0027165990322828293
20250228,sell,600076.SH,-0.0032323391642421484
20250228,sell,002187.SZ,-0.0011981509160250425
20250228,buy,300380.SZ,0.002752083819359541
20250228,buy,002851.SZ,0.0027147254440933466
20250303,sell,300422.SZ,0.0002723942743614316
20250303,sell,002259.SZ,0.0008220779709517956
20250303,buy,300570.SZ,0.0029754885472357273
20250303,buy,000809.SZ,0.0029366696253418922
20250304,sell,002052.SZ,
20250304,sell,000619.SZ,-0.0008715447038412094
20250304,buy,300548.SZ,0.003028526669368148
20250304,buy,300394.SZ,0.0027224610093981028
20250305,sell,000809.SZ,
20250305,sell,000802.SZ,0.0005814005853608251
20250305,buy,002052.SZ,0.0026151062920689583
20250305,buy,000829.SZ,0.0026099809911102057
20250306,sell,002052.SZ,
20250306,sell,000829.SZ,-0.0020452586468309164
20250306,buy,002093.SZ,0.0027682804502546787
20250306,buy,600302.SH,0.00248277117498219
20250307,sell,002093.SZ,
20250307,sell,300308.SZ,0.0010194308124482632
20250307,buy,002114.SZ,0.002418374875560403
20250307,buy,600965.SH,0.0021519120782613754
20250310,sell,600302.SH,-0.001191185088828206
20250310,sell,002114.SZ,-6.72261230647564e-05
20250310,buy,002672.SZ,0.0030361097306013107
20250310,buy,603023.SH,0.003007889725267887
20250311,sell,002672.SZ,0.0008171217050403357
20250311,sell,603007.SH,0.0009313636692240834
20250311,buy,600936.SH,0.0024187136441469193
20250311,buy,600303.SH,0.0022803694009780884
20250312,sell,300394.SZ,0.0007873360300436616
20250312,sell,300380.SZ,0.0008364038076251745
20250312,buy,600831.SH,0.002753856126219034
20250312,buy,002905.SZ,0.002464953111484647
20250313,sell,002905.SZ,
20250313,sell,600936.SH,-0.0034228621516376734
20250313,buy,600403.SH,0.002466451143845916
20250313,buy,002724.SZ,0.0023046708665788174
20250314,sell,002724.SZ,
20250314,sell,002851.SZ,-0.001632744912058115
20250314,buy,300382.SZ,0.002836755011230707
20250314,buy,002309.SZ,0.0027732260059565306
20250317,sell,600403.SH,-0.004174879752099514
20250317,sell,600965.SH,-0.0006699708756059408
20250317,buy,601798.SH,0.002678404562175274
20250317,buy,002141.SZ,0.00266558350995183
20250318,sell,601798.SH,-0.002266226103529334
20250318,sell,002141.SZ,0.0007634017383679748
20250318,buy,600603.SH,0.0024973051622509956
20250318,buy,002397.SZ,0.0024110989179462194
20250319,sell,002397.SZ,-0.0016261632554233074
20250319,sell,600303.SH,0.0011550795752555132
20250319,buy,000809.SZ,0.0023208530619740486
20250319,buy,603007.SH,0.002251287456601858
20250320,sell,002309.SZ,0.0006247239653021097
20250320,sell,300382.SZ,0.0007572553586214781
20250320,buy,300052.SZ,0.003167465329170227
20250320,buy,603363.SH,0.00241984985768795
20250321,sell,603007.SH,
20250321,sell,600831.SH,0.0009763194248080254
20250321,buy,002427.SZ,0.003076958004385233
20250321,buy,300078.SZ,0.0027151345275342464
20250324,sell,002427.SZ,0.00025889230892062187
20250324,sell,603023.SH,0.0008726762607693672
20250324,buy,002861.SZ,0.002715096343308687
20250324,buy,002072.SZ,0.002548646880313754
20250325,sell,002861.SZ,0.00010659708641469479
20250325,sell,600603.SH,0.000987249892205
20250325,buy,300746.SZ,0.0027325814589858055
20250325,buy,002779.SZ,0.002643740503117442
20250326,sell,000809.SZ,0.0008547930046916008
20250326,sell,300502.SZ,0.0014361238572746515
20250326,buy,603001.SH,0.0029493034817278385
20250326,buy,600126.SH,0.002847005147486925
20250327,sell,300548.SZ,0.0012199211632832885
20250327,sell,300746.SZ,0.0014063729904592037
20250327,buy,603278.SH,0.003001369070261717
20250327,buy,600844.SH,0.002922779880464077
20250328,sell,600844.SH,0.00035676336847245693
20250328,sell,603363.SH,0.0008746414678171277
20250328,buy,600589.SH,0.003185203531756997
20250328,buy,603081.SH,0.002853343728929758
20250331,sell,603001.SH,0.0012843116419389844
20250331,sell,002072.SZ,0.0013838257873430848
20250331,buy,603050.SH,0.003450515680015087
20250331,buy,603268.SH,0.0031735501252114773
20250401,sell,600126.SH,-0.00044279335997998714
20250401,sell,600589.SH,-0.00013918522745370865
20250401,buy,300449.SZ,0.0032314411364495754
20250401,buy,603188.SH,0.0031498523894697428
20250402,sell,603188.SH,0.0005485601723194122
20250402,sell,300570.SZ,0.0005722603527829051
20250402,buy,603007.SH,0.00292383274063468
20250402,buy,002490.SZ,0.0028967116959393024
20250403,sell,603268.SH,0.0013578715734183788
20250403,sell,300078.SZ,0.001518086763098836
20250403,buy,603535.SH,0.003353287000209093
20250403,buy,002640.SZ,0.0030350377783179283
20250407,sell,603007.SH,
20250407,sell,002490.SZ,0.001861712895333767
20250407,buy,300042.SZ,0.003708931617438793
20250407,buy,300577.SZ,0.0036758482456207275
20250408,sell,002779.SZ,0.0028108765836805105
20250408,sell,603081.SH,0.003032067557796836
20250408,buy,300621.SZ,0.0038571436889469624
20250408,buy,300103.SZ,0.0038084813859313726
20250409,sell,002640.SZ,0.0030652224086225033
20250409,sell,603278.SH,0.003234677482396364
20250409,buy,300461.SZ,0.0037067937664687634
20250409,buy,300713.SZ,0.0036573621910065413
20250410,sell,300042.SZ,0.002827187068760395
20250410,sell,300449.SZ,0.0029127912130206823
20250410,buy,603277.SH,0.0034922948107123375
20250410,buy,002183.SZ,0.003383215516805649
20250411,sell,002183.SZ,0.0002096566604450345
20250411,sell,603277.SH,0.0019767694175243378
20250411,buy,002779.SZ,0.0033874730579555035
20250411,buy,000520.SZ,0.0033777165226638317
20250414,sell,000520.SZ,-0.0006042851600795984
20250414,sell,002779.SZ,0.001738270279020071
20250414,buy,603818.SH,0.0037307317834347486
20250414,buy,002137.SZ,0.0036515528336167336
20250415,sell,603818.SH,9.674089960753918e-05
20250415,sell,002137.SZ,0.0002822417300194502
20250415,buy,300055.SZ,0.0030600130558013916
20250415,buy,002793.SZ,0.0030248435214161873
20250416,sell,002793.SZ,-0.0020789967384189367
20250416,sell,300577.SZ,0.0015581195475533605
20250416,buy,300731.SZ,0.0029128652531653643
20250416,buy,300363.SZ,0.002897657221183181
20250417,sell,300621.SZ,0.001511009526439011
20250417,sell,603050.SH,0.0019225828582420945
20250417,buy,002843.SZ,0.0034837883431464434
20250417,buy,603116.SH,0.00325779733248055
20250418,sell,002843.SZ,0.0004674291703850031
20250418,sell,603116.SH,0.0005548575427383184
20250418,buy,000720.SZ,0.003267864929512143
20250418,buy,300583.SZ,0.0028993061278015375
20250421,sell,000720.SZ,0.00027287157718092203
20250421,sell,300052.SZ,0.001234543975442648
20250421,buy,603669.SH,0.003381233662366867
20250421,buy,002795.SZ,0.0031552338041365147
20250422,sell,002795.SZ,-5.244952626526356e-05
20250422,sell,603669.SH,-2.5724992156028748e-05
20250422,buy,603922.SH,0.003221147693693638
20250422,buy,300153.SZ,0.003098738845437765
20250423,sell,603535.SH,0.0009622788056731224
20250423,sell,300583.SZ,0.001242208294570446
20250423,buy,002369.SZ,0.0032242843881249428
20250423,buy,002164.SZ,0.003158172592520714
20250424,sell,002164.SZ,-0.0005374832544475794
20250424,sell,300103.SZ,0.0011242148466408253
20250424,buy,002821.SZ,0.003263810882344842
20250424,buy,603226.SH,0.003090600948780775
20250425,sell,603226.SH,0.0004910482093691826
20250425,sell,300731.SZ,0.0011517483508214355
20250425,buy,002779.SZ,0.003482433734461665
20250425,buy,002229.SZ,0.0031201844103634357
20250428,sell,002229.SZ,
20250428,sell,300055.SZ,0.0009602928766980767
20250428,buy,603535.SH,0.003346334910020232
20250428,buy,000720.SZ,0.0031829194631427526
20250429,sell,000720.SZ,-0.0022408391814678907
20250429,sell,002369.SZ,0.0007821820909157395
20250429,buy,603839.SH,0.003171845804899931
20250429,buy,603322.SH,0.0028017349541187286
20250430,sell,002821.SZ,0.000801844522356987
20250430,sell,300363.SZ,0.0013381070457398891
20250430,buy,600337.SH,0.0032856203615665436
20250430,buy,603900.SH,0.0031880985479801893
20250506,sell,603839.SH,-0.0006044362671673298
20250506,sell,600337.SH,-0.00012560631148517132
20250506,buy,002514.SZ,0.0034646897111088037
20250506,buy,002790.SZ,0.0033107439521700144
20250507,sell,002514.SZ,
20250507,sell,603900.SH,-0.0018292551394551992
20250507,buy,300458.SZ,0.0030353832989931107
20250507,buy,000863.SZ,0.003027311060577631
20250508,sell,000863.SZ,-0.0008715824224054813
20250508,sell,300713.SZ,-0.0005699440371245146
20250508,buy,603007.SH,0.003305078251287341
20250508,buy,002622.SZ,0.0029608746990561485
20250509,sell,002622.SZ,-0.0008914780337363482
20250509,sell,002779.SZ,-0.00030080368742346764
20250509,buy,300346.SZ,0.0025054626166820526
20250509,buy,002652.SZ,0.0024010827764868736
20250512,sell,603007.SH,-5.807238630950451e-05
20250512,sell,300153.SZ,0.00035695021506398916
20250512,buy,603338.SH,0.0029592961072921753
20250512,buy,002514.SZ,0.0027486151084303856
20250513,sell,300461.SZ,0.0011620769510045648
20250513,sell,603338.SH,0.001463807886466384
20250513,buy,002571.SZ,0.002717043273150921
20250513,buy,000720.SZ,0.0025123897939920425
20250514,sell,002514.SZ,-0.002270977245643735
20250514,sell,002652.SZ,0.0011958712711930275
20250514,buy,600370.SH,0.0024776929058134556
20250514,buy,300423.SZ,0.0024534559343010187
20250515,sell,600370.SH,-0.0017144030425697565
20250515,sell,603535.SH,-0.00091122230514884
20250515,buy,600403.SH,0.003075433662161231
20250515,buy,603800.SH,0.0026588630862534046
20250516,sell,600403.SH,-0.0007681525312364101
20250516,sell,603322.SH,0.001106269657611847
20250516,buy,002862.SZ,0.003196357050910592
20250516,buy,300100.SZ,0.0023633160162717104
20250519,sell,000720.SZ,0.0007553631439805031
20250519,sell,300458.SZ,0.0008381069637835026
20250519,buy,300727.SZ,0.0032349058892577887
20250519,buy,603007.SH,0.002916870405897498
20250520,sell,603007.SH,0.0003156452439725399
20250520,sell,002571.SZ,0.0009701021481305361
20250520,buy,002622.SZ,0.0024808223824948072
20250520,buy,000509.SZ,0.0024565847124904394
20250521,sell,002790.SZ,0.000658174161799252
20250521,sell,000509.SZ,0.0016449785325676203
20250521,buy,600615.SH,0.002570301992818713
20250521,buy,603322.SH,0.0023729384411126375
20250522,sell,002622.SZ,0.0007346569327637553
20250522,sell,300423.SZ,0.001676736632362008
20250522,buy,300573.SZ,0.0029798911418765783
20250522,buy,603333.SH,0.002429639222100377
20250523,sell,603333.SH,
20250523,sell,300346.SZ,0.0008058279054239392
20250523,buy,000601.SZ,0.0023347947280853987
20250523,buy,600234.SH,0.0022080198395997286
20250526,sell,603322.SH,0.0010181267280131578
20250526,sell,600234.SH,0.0019139579962939024
20250526,buy,603488.SH,0.0026188024785369635
20250526,buy,300013.SZ,0.002425135113298893
20250527,sell,603922.SH,0.0004860442131757736
20250527,sell,603800.SH,0.0015517097199335694
20250527,buy,300576.SZ,0.0028249677270650864
20250527,buy,603518.SH,0.0028016320429742336
20250528,sell,603518.SH,0.00020071701146662235
20250528,sell,300013.SZ,0.0003846841864287853
20250528,buy,603800.SH,0.0026994820218533278
20250528,buy,600340.SH,0.002557783853262663
20250529,sell,600615.SH,0.0014023948460817337
20250529,sell,603488.SH,0.0015156811568886042
20250529,buy,603360.SH,0.0034392662346363068
20250529,buy,000715.SZ,0.0028802044689655304
20250530,sell,000601.SZ,0.0011959071271121502
20250530,sell,600340.SH,0.0012399349361658096
20250530,buy,603737.SH,0.0033970880322158337
20250530,buy,300660.SZ,0.003383345203474164
20250603,sell,603800.SH,0.0008888932643458247
20250603,sell,300727.SZ,0.0017075524665415287
20250603,buy,002889.SZ,0.0035763862542808056
20250603,buy,002837.SZ,0.003312573302537203
20250604,sell,300100.SZ,0.0019311625510454178
20250604,sell,300576.SZ,0.0020748618990182877
20250604,buy,000811.SZ,0.0032683485187590122
20250604,buy,300622.SZ,0.003195488825440407
20250605,sell,002862.SZ,0.0017990192864090204
20250605,sell,300573.SZ,0.002427441766485572
20250605,buy,603730.SH,0.0034059318713843822
20250605,buy,300058.SZ,0.003294454887509346
20250606,sell,002837.SZ,0.0026552011258900166
20250606,sell,603360.SH,0.0027537154965102673
20250606,buy,603269.SH,0.0034051216207444668
20250606,buy,603329.SH,0.0032090009190142155
20250609,sell,000811.SZ,0.0026972689665853977
20250609,sell,300622.SZ,0.0027618540916591883
20250609,buy,603277.SH,0.0037125754170119762
20250609,buy,300619.SZ,0.003175942227244377
20250610,sell,300619.SZ,0.0019536965992301702
20250610,sell,000715.SZ,0.002972627989947796
20250610,buy,300695.SZ,0.003678374458104372
20250610,buy,000999.SZ,0.003152308287099004
20250611,sell,002889.SZ,0.002610426861792803
20250611,sell,300058.SZ,0.0026830388233065605
20250611,buy,603499.SH,0.003476045560091734
20250611,buy,300492.SZ,0.003461795160546899
20250612,sell,603737.SH,0.0024385021533817053
20250612,sell,000999.SZ,0.002813230501487851
20250612,buy,603283.SH,0.0035460388753563166
20250612,buy,002779.SZ,0.003340777475386858
20250613,sell,300660.SZ,0.0028884178027510643
20250613,sell,603277.SH,0.003016973379999399
20250613,buy,300553.SZ,0.0034513757564127445
20250613,buy,300697.SZ,0.003231857903301716
20250616,sell,603269.SH,0.002917488105595112
20250616,sell,300697.SZ,0.0031348238699138165
20250616,buy,603277.SH,0.0035847374238073826
20250616,buy,300540.SZ,0.0031984569504857063
20250617,sell,002779.SZ,0.002923040883615613
20250617,sell,603329.SH,0.00305216945707798
20250617,buy,603329.SH,0.00305216945707798
20250617,buy,603269.SH,0.002982574515044689
20250618,sell,603269.SH,0.002074063289910555
20250618,sell,603730.SH,0.0023270989768207073
20250618,buy,002916.SZ,0.003065673168748617
20250618,buy,300697.SZ,0.0029892930760979652
20250619,sell,002916.SZ,0.0018175586592406034
20250619,sell,300695.SZ,0.0025850776582956314
20250619,buy,603871.SH,0.0032471264712512493
20250619,buy,600885.SH,0.0030925630126148462
20250620,sell,603329.SH,0.001809649751521647
20250620,sell,603277.SH,0.002148057334125042
20250620,buy,300661.SZ,0.0031869374215602875
20250620,buy,300627.SZ,0.003149495692923665
20250623,sell,603283.SH,0.002600298495963216
20250623,sell,300492.SZ,0.0026393041480332613
20250623,buy,600480.SH,0.003372384002432227
20250623,buy,000633.SZ,0.0031283178832381964
20250624,sell,000633.SZ,
20250624,sell,300697.SZ,0.0016479440964758396
20250624,buy,300695.SZ,0.0036939121782779694
20250624,buy,603067.SH,0.0032224617898464203
20250625,sell,603499.SH,0.0016868673264980316
20250625,sell,300553.SZ,0.002685503102838993
20250625,buy,603037.SH,0.003401349764317274
20250625,buy,002193.SZ,0.0028046867810189724
20250626,sell,300695.SZ,-2.3598317056894302e-05
20250626,sell,002193.SZ,0.0016543958336114883
20250626,buy,600960.SH,0.0028634858317673206
20250626,buy,603737.SH,0.00278919143602252
20250627,sell,600960.SH,
20250627,sell,603737.SH,0.0021495106630027294
20250627,buy,002896.SZ,0.003388616256415844
20250627,buy,300553.SZ,0.0026953425258398056
20250630,sell,300540.SZ,0.001608395716175437
20250630,sell,300553.SZ,0.0022013362031430006
20250630,buy,603601.SH,0.0028409906663000584
20250630,buy,002549.SZ,0.0028192235622555017
20250701,sell,603601.SH,
20250701,sell,002549.SZ,0.0017954247305169702
20250701,buy,300553.SZ,0.002660907106474042
20250701,buy,600691.SH,0.0026394538581371307
20250702,sell,600691.SH,0.0009047614876180887
20250702,sell,300553.SZ,0.0021059662103652954
20250702,buy,002696.SZ,0.0027244919911026955
20250702,buy,002314.SZ,0.002506137825548649
20250703,sell,002696.SZ,0.0005842375103384256
20250703,sell,600885.SH,0.0011289665708318353
20250703,buy,002371.SZ,0.0031759352423250675
20250703,buy,300660.SZ,0.002807856537401676
20250704,sell,002314.SZ,-0.002978770760819316
20250704,sell,300661.SZ,0.0014262022450566292
20250704,buy,000637.SZ,0.0027544593904167414
20250704,buy,000551.SZ,0.002557665342465043
20250707,sell,300627.SZ,0.0014634239487349987
20250707,sell,600480.SH,0.001489261514507234
20250707,buy,603499.SH,0.0028146214317530394
20250707,buy,603488.SH,0.0024848186876624823
20250708,sell,603488.SH,-0.0005338494665920734
20250708,sell,300660.SZ,0.0013067052932456136
20250708,buy,600831.SH,0.002659296616911888
20250708,buy,600533.SH,0.002593425801023841
20250709,sell,603499.SH,0.0009980294853448868
20250709,sell,600831.SH,0.0013093638699501753
20250709,buy,603319.SH,0.003257888602092862
20250709,buy,000010.SZ,0.0023440697696059942
20250710,sell,000010.SZ,0.0010242154821753502
20250710,sell,000637.SZ,0.001462304499000311
20250710,buy,603803.SH,0.002451882231980562
20250710,buy,000633.SZ,0.0023183978628367186
20250711,sell,603871.SH,0.0008614154066890478
20250711,sell,600533.SH,0.0012227280531078577
20250711,buy,300584.SZ,0.002252009231597185
20250711,buy,002141.SZ,0.0021065925247967243
20250714,sell,000633.SZ,0.0011507368180900812
20250714,sell,002141.SZ,0.0015036601107567549
20250714,buy,603001.SH,0.0028269540052860975
20250714,buy,603811.SH,0.002551731187850237
20250715,sell,603811.SH,-0.0011536639649420977
20250715,sell,603001.SH,-0.0008813156746327877
20250715,buy,603505.SH,0.0032756756991147995
20250715,buy,002133.SZ,0.002794661559164524
20250716,sell,002133.SZ,-0.0008024533744901419
20250716,sell,603803.SH,0.0005922055570408702
20250716,buy,600668.SH,0.002826021984219551
20250716,buy,603321.SH,0.002721925498917699
20250717,sell,603321.SH,-0.0016729296185076237
20250717,sell,002371.SZ,0.0011843031970784068
20250717,buy,600620.SH,0.002349293325096369
20250717,buy,600774.SH,0.0023118199314922094
20250718,sell,600774.SH,
20250718,sell,600620.SH,-0.0013174512423574924
20250718,buy,002652.SZ,0.0028145513497292995
20250718,buy,002072.SZ,0.002504632342606783
20250721,sell,002072.SZ,-0.0005434562917798758
20250721,sell,002652.SZ,-0.00036859139800071716
20250721,buy,002628.SZ,0.0028199495282024145
20250721,buy,600545.SH,0.0023926659487187862
20250722,sell,002896.SZ,-0.0027123771142214537
20250722,sell,002628.SZ,-0.0019082801882177591
20250722,buy,002365.SZ,0.0024378271773457527
20250722,buy,000761.SZ,0.0023353479336947203
20250723,sell,603037.SH,-0.0003075236454606056
20250723,sell,000551.SZ,0.0005856765201315284
20250723,buy,600682.SH,0.0025198734365403652
20250723,buy,603316.SH,0.0023609036579728127
20250724,sell,603067.SH,-4.911329597234726e-05
20250724,sell,600682.SH,0.00023873778991401196
20250724,buy,603335.SH,0.0027060548309236765
20250724,buy,603630.SH,0.0024830754846334457
20250725,sell,603335.SH,-4.207785241305828e-05
20250725,sell,603630.SH,0.00035092595499008894
20250725,buy,002775.SZ,0.002743283985182643
20250725,buy,603888.SH,0.0025809737853705883
20250728,sell,002775.SZ,-0.0012726548593491316
20250728,sell,000761.SZ,0.0005281741032376885
20250728,buy,300649.SZ,0.002304293215274811
20250728,buy,000153.SZ,0.002298572566360235
20250729,sell,000153.SZ,-0.001960372319445014
20250729,sell,600545.SH,0.00043664861004799604
20250729,buy,002594.SZ,0.0031224258709698915
20250729,buy,600676.SH,0.0024452311918139458
20250730,sell,600676.SH,-0.00010634656064212322
20250730,sell,603316.SH,0.00036877545062452555
20250730,buy,002905.SZ,0.0024069449864327908
20250730,buy,002453.SZ,0.0020865623373538256
20250731,sell,002905.SZ,-0.001921746414154768
20250731,sell,002453.SZ,-0.0004310985095798969
20250731,buy,000889.SZ,0.002879500389099121
20250731,buy,002775.SZ,0.0025167628191411495
20250801,sell,000889.SZ,7.081660442054272e-05
20250801,sell,300584.SZ,0.0001870117848739028
20250801,buy,000789.SZ,0.0026486411225050688
20250801,buy,002596.SZ,0.002647002460435033
20250804,sell,002775.SZ,4.2374711483716965e-05
20250804,sell,002365.SZ,0.000701485201716423
20250804,buy,300651.SZ,0.00273691164329648
20250804,buy,600831.SH,0.002441324759274721
20250805,sell,300649.SZ,0.00044192385394126177
20250805,sell,000789.SZ,0.0006990286055952311
20250805,buy,002022.SZ,0.0029533091001212597
20250805,buy,002676.SZ,0.00277540972456336
20250806,sell,002022.SZ,-0.0012238225899636745
20250806,sell,002676.SZ,-0.0009868538472801447
20250806,buy,300165.SZ,0.0024733138270676136
20250806,buy,603898.SH,0.0023642724845558405
20250807,sell,600831.SH,0.00010527169797569513
20250807,sell,603319.SH,0.00021919398568570614
20250807,buy,002551.SZ,0.002565328497439623
20250807,buy,002072.SZ,0.002495324704796076
20250808,sell,002551.SZ,
20250808,sell,002072.SZ,-0.0005062606651335955
20250808,buy,603839.SH,0.0024212354328483343
20250808,buy,002908.SZ,0.002370759379118681
20250811,sell,002908.SZ,-0.0006017950363457203
20250811,sell,603888.SH,0.0007827084045857191
20250811,buy,603023.SH,0.0025670204777270555
20250811,buy,600539.SH,0.0024507378693670034
20250812,sell,603505.SH,-0.00015307473950088024
20250812,sell,600668.SH,2.623838372528553e-05
20250812,buy,603991.SH,0.002550804289057851
20250812,buy,002052.SZ,0.0023535583168268204
20250813,sell,603023.SH,-0.0017445259727537632
20250813,sell,002052.SZ,0.00018715695478022099
20250813,buy,601002.SH,0.0025775819085538387
20250813,buy,002857.SZ,0.002190156141296029
20250814,sell,601002.SH,-0.0015898956917226315
20250814,sell,300165.SZ,0.0005121749127283692
20250814,buy,002259.SZ,0.002761809155344963
20250814,buy,002795.SZ,0.002662076847627759
20250815,sell,002259.SZ,-0.0014602963346987963
20250815,sell,002594.SZ,0.0011197410058230162
20250815,buy,300708.SZ,0.0031022662296891212
20250815,buy,601718.SH,0.0028037973679602146
20250818,sell,002857.SZ,0.0007328379433602095
20250818,sell,002596.SZ,0.001022138400003314
20250818,buy,002082.SZ,0.002758054295554757
20250818,buy,002323.SZ,0.0025973590090870857
20250819,sell,002323.SZ,-0.0013978721108287573
20250819,sell,002082.SZ,-0.0012817378155887127
20250819,buy,600805.SH,0.0028344341553747654
20250819,buy,600841.SH,0.002747142920270562
20250820,sell,600841.SH,-0.0016745275352150202
20250820,sell,600805.SH,-0.00039573851972818375
20250820,buy,002114.SZ,0.002783103846013546
20250820,buy,300165.SZ,0.0024789602030068636
20250821,sell,002114.SZ,-0.00045026582665741444
20250821,sell,002795.SZ,0.0004093573661521077
20250821,buy,600828.SH,0.002179129747673869
20250821,buy,300515.SZ,0.0021557125728577375
20250822,sell,600539.SH,0.0006046867929399014
20250822,sell,603991.SH,0.0010614526690915227
20250822,buy,002594.SZ,0.002208991441875696
20250822,buy,600831.SH,0.0021673226729035378
20250825,sell,601718.SH,0.0008442199323326349
20250825,sell,600828.SH,0.0009761695982888341
20250825,buy,603669.SH,0.003085746895521879
20250825,buy,600539.SH,0.0023475680500268936
20250826,sell,603669.SH,-0.00018636556342244148
20250826,sell,600539.SH,0.0008878671796992421
20250826,buy,002388.SZ,0.002454911358654499
20250826,buy,002691.SZ,0.002341928891837597
20250827,sell,002691.SZ,-0.0007009378168731928
20250827,sell,002594.SZ,0.0007340614683926105
20250827,buy,300510.SZ,0.002414967166259885
20250827,buy,002826.SZ,0.002200259128585458
20250828,sell,603839.SH,0.0007979072397574782
20250828,sell,300165.SZ,0.0010285710450261831
20250828,buy,300069.SZ,0.0024533639661967754
20250828,buy,603367.SH,0.0022888227831572294
20250829,sell,002388.SZ,0.0006868008058518171
20250829,sell,600831.SH,0.0009965416975319386
20250829,buy,603316.SH,0.0026171975769102573
20250829,buy,300289.SZ,0.00252898340113461
20250901,sell,603316.SH,-0.00030651153065264225
20250901,sell,300515.SZ,0.0009226055117323995
20250901,buy,600831.SH,0.0028921649791300297
20250901,buy,002188.SZ,0.0028197518549859524
20250902,sell,603898.SH,0.0006235154578462243
20250902,sell,300651.SZ,0.0012453400995582342
20250902,buy,002940.SZ,0.002884152578189969
20250902,buy,300586.SZ,0.002661400241777301
20250903,sell,600831.SH,0.001309282029978931
20250903,sell,603367.SH,0.001676840241998434
20250903,buy,300722.SZ,0.0027076469268649817
20250903,buy,300683.SZ,0.002680405043065548
20250904,sell,002188.SZ,0.0009086834033951163
20250904,sell,002826.SZ,0.001203027437441051
20250904,buy,300581.SZ,0.0030250530689954758
20250904,buy,600207.SH,0.0028266599401831627
20250905,sell,600207.SH,-0.0015026386827230453
20250905,sell,300289.SZ,0.001119700027629733
20250905,buy,600967.SH,0.0028231297619640827
20250905,buy,002265.SZ,0.002718562027439475
20250908,sell,300069.SZ,0.0004248339682817459
20250908,sell,300510.SZ,0.0016433491837233305
20250908,buy,300204.SZ,0.0029765060171484947
20250908,buy,603367.SH,0.002846525749191642
20250909,sell,300586.SZ,0.0011609995272010565
20250909,sell,300708.SZ,0.0020072641782462597
20250909,buy,300570.SZ,0.00282132625579834
20250909,buy,600749.SH,0.0026391001883894205
20250910,sell,300722.SZ,0.001758475205861032
20250910,sell,002940.SZ,0.002360081532970071
20250910,buy,603316.SH,0.002625714987516403
20250910,buy,300165.SZ,0.0025695532094687223
20250911,sell,603316.SH,-0.001813928596675396
20250911,sell,300570.SZ,0.0014675103593617678
20250911,buy,300723.SZ,0.0027573779225349426
20250911,buy,002174.SZ,0.0024190072435885668
20250912,sell,300165.SZ,0.0008772716391831636
20250912,sell,002265.SZ,0.0015532291727140546
20250912,buy,600159.SH,0.002619718899950385
20250912,buy,002663.SZ,0.0023924459237605333
20250915,sell,600159.SH,0.0009363130666315556
20250915,sell,002663.SZ,0.001187664456665516
20250915,buy,600475.SH,0.0031075042206794024
20250915,buy,601606.SH,0.0024876261595636606
20250916,sell,600749.SH,0.0014202827587723732
20250916,sell,600967.SH,0.0014733753632754087
20250916,buy,002676.SZ,0.0026210469659417868
20250916,buy,600231.SH,0.0025940651539713144
20250917,sell,002676.SZ,-0.00022570695728063583
20250917,sell,300581.SZ,0.0008746911771595478
20250917,buy,603709.SH,0.002374280709773302
20250917,buy,300570.SZ,0.0023441307712346315
20250918,sell,300570.SZ,0.0008259945316240191
20250918,sell,600231.SH,0.0011665646452456713
20250918,buy,000926.SZ,0.002412850968539715
20250918,buy,002940.SZ,0.0021183104254305363
20250919,sell,002174.SZ,0.0018519727746024728
20250919,sell,601606.SH,0.0020458330400288105
20250919,buy,000880.SZ,0.00331612816080451
20250919,buy,603007.SH,0.00262275617569685
20250922,sell,603367.SH,0.0012390862684696913
20250922,sell,300683.SZ,0.0014611415099352598
20250922,buy,002045.SZ,0.0024805408902466297
20250922,buy,000809.SZ,0.002365885069593787
20250923,sell,603007.SH,-0.0006418435368686914
20250923,sell,002045.SZ,-0.00048420648090541363
20250923,buy,300609.SZ,0.0027090744115412235
20250923,buy,600749.SH,0.0026234276592731476
20250924,sell,300723.SZ,0.0010946624679490924
20250924,sell,002940.SZ,0.0012484509497880936
20250924,buy,601929.SH,0.003099893918260932
20250924,buy,000826.SZ,0.0029358589090406895
20250925,sell,000826.SZ,-0.0007777970749884844
20250925,sell,000809.SZ,0.0009182555368170142
20250925,buy,600322.SH,0.0028821188025176525
20250925,buy,002021.SZ,0.0023363190703094006
20250926,sell,002021.SZ,-0.0007798634469509125
20250926,sell,000926.SZ,0.0017808579141274095
20250926,buy,300436.SZ,0.0031529231928288937
20250926,buy,603848.SH,0.0029672884847968817
20250929,sell,300204.SZ,0.0014865826815366745
20250929,sell,300609.SZ,0.0018363286508247256
20250929,buy,002622.SZ,0.002771953586488962
20250929,buy,603716.SH,0.002583901397883892
20250930,sell,600475.SH,0.0015513172838836908
20250930,sell,603709.SH,0.001560718985274434
20250930,buy,600159.SH,0.0026944493874907494
20250930,buy,000545.SZ,0.0025341466534882784
20251009,sell,603716.SH,0.0017201134469360113
20251009,sell,000545.SZ,0.0017787505639716983
20251009,buy,600569.SH,0.002958946628496051
20251009,buy,000655.SZ,0.002876613987609744
20251010,sell,000655.SZ,-0.0019252668134868145
20251010,sell,600749.SH,0.0018033756641671062
20251010,buy,603839.SH,0.0027288245037198067
20251010,buy,002905.SZ,0.0025928434915840626
20251013,sell,603839.SH,-0.0009813802316784859
20251013,sell,600322.SH,-0.0007539184298366308
20251013,buy,601606.SH,0.0030833473429083824
20251013,buy,300723.SZ,0.0028632902540266514
20251014,sell,600569.SH,0.000988224521279335
20251014,sell,600159.SH,0.0014976145466789603
20251014,buy,300056.SZ,0.0030377202201634645
20251014,buy,002488.SZ,0.003028449136763811
20251015,sell,601606.SH,-0.0012030296493321657
20251015,sell,603848.SH,0.0014527696184813976
20251015,buy,002940.SZ,0.003134828992187977
20251015,buy,600748.SH,0.002745185513049364
20251016,sell,002940.SZ,0.0015539561863988638
20251016,sell,601929.SH,0.0017141333082690835
20251016,buy,603300.SH,0.002636038465425372
20251016,buy,600745.SH,0.0025648542214185
20251017,sell,600748.SH,-0.0008832602761685848
20251017,sell,300436.SZ,9.003863669931889e-05
20251017,buy,603767.SH,0.0027089023496955633
20251017,buy,603829.SH,0.0027011081110686064
20251020,sell,002622.SZ,0.0009922969620674849
20251020,sell,002905.SZ,0.0013771974481642246
20251020,buy,603444.SH,0.002876940183341503
20251020,buy,603685.SH,0.0026787440292537212
20251021,sell,603685.SH,-0.00046225939877331257
20251021,sell,603767.SH,0.0015377611853182316
20251021,buy,603067.SH,0.002624679356813431
20251021,buy,601515.SH,0.002617958001792431
20251022,sell,603067.SH,-0.00013897987082600594
20251022,sell,601515.SH,-0.0001367093063890934
20251022,buy,002940.SZ,0.003365222131833434
20251022,buy,002659.SZ,0.00245829951018095
20251023,sell,002940.SZ,0.0006927307695150375
20251023,sell,002659.SZ,0.0009387711761519313
20251023,buy,603027.SH,0.00312309549190104
20251023,buy,300584.SZ,0.0027005767915397882
20251024,sell,300056.SZ,0.001206774148158729
20251024,sell,002488.SZ,0.001212018309161067
20251024,buy,300548.SZ,0.0027503811288625
20251024,buy,300204.SZ,0.002645667176693678
20251027,sell,600745.SH,0.0006635390454903245
20251027,sell,000880.SZ,0.0008882790571078658
20251027,buy,002515.SZ,0.0029397159814834595
20251027,buy,002571.SZ,0.0026242490857839584
20251028,sell,002571.SZ,-0.0006555062718689442
20251028,sell,002515.SZ,-0.0005910510662943125
20251028,buy,002392.SZ,0.0024353547487407923
20251028,buy,000421.SZ,0.0023227462079375982
20251029,sell,000421.SZ,-0.001915568020194769
20251029,sell,300584.SZ,0.0006421214202418923
20251029,buy,300559.SZ,0.0026961644180119038
20251029,buy,002016.SZ,0.0026482173707336187
20251030,sell,002016.SZ,-0.00027842866256833076
20251030,sell,603300.SH,0.0008183058816939592
20251030,buy,002314.SZ,0.003039892762899399
20251030,buy,002903.SZ,0.002614938886836171
20251031,sell,002314.SZ,-0.0006343785207718611
20251031,sell,002903.SZ,-0.0004634291399270296
20251031,buy,603955.SH,0.002807116135954857
20251031,buy,002084.SZ,0.0027848922181874514
20251103,sell,300204.SZ,2.6478315703570843e-05
20251103,sell,002392.SZ,0.0006854565581306815
20251103,buy,000632.SZ,0.0026850933209061623
20251103,buy,603608.SH,0.0026360927149653435
20251104,sell,000632.SZ,-0.001798966433852911
20251104,sell,603829.SH,0.0009670251747593284
20251104,buy,002345.SZ,0.0026830360293388367
20251104,buy,300056.SZ,0.002644358202815056
20251105,sell,603608.SH,0.0008606900228187442
20251105,sell,300559.SZ,0.0015355257783085108
20251105,buy,300491.SZ,0.0026683316100388765
20251105,buy,300469.SZ,0.0026575846131891012
20251106,sell,603955.SH,0.00124217732809484
20251106,sell,603027.SH,0.001394635415636003
20251106,buy,002678.SZ,0.0025496389716863632
20251106,buy,600629.SH,0.002157972427085042
20251107,sell,300548.SZ,0.0015726012643426657
20251107,sell,603444.SH,0.0017226379131898284
20251107,buy,000014.SZ,0.002362805651500821
20251107,buy,300436.SZ,0.0023444173857569695
20251110,sell,002084.SZ,0.0011752182617783546
20251110,sell,002345.SZ,0.0014002425596117973
20251110,buy,002940.SZ,0.0027696513570845127
20251110,buy,000695.SZ,0.002533142687752843
20251111,sell,000695.SZ,-0.0019329420756548643
20251111,sell,002940.SZ,-0.0005870196036994457
20251111,buy,600113.SH,0.003418530570343137
20251111,buy,300378.SZ,0.0024985813070088625
20251112,sell,300723.SZ,0.0014138236874714494
20251112,sell,600113.SH,0.0014348046388477087
20251112,buy,603179.SH,0.002428947715088725
20251112,buy,300695.SZ,0.0024223013315349817
20251113,sell,300469.SZ,0.0010753064416348934
20251113,sell,600629.SH,0.001552160014398396
20251113,buy,603378.SH,0.002419860800728202
20251113,buy,300235.SZ,0.0023118911776691675
20251114,sell,300056.SZ,0.001183394924737513
20251114,sell,300436.SZ,0.0012553265551105142
20251114,buy,300669.SZ,0.002646150765940547
20251114,buy,600094.SH,0.002396208234131336
20251117,sell,603378.SH,0.0006205446552485228
20251117,sell,000014.SZ,0.0014133835211396217
20251117,buy,300394.SZ,0.002588957780972123
20251117,buy,603192.SH,0.002566650975495577
20251118,sell,300235.SZ,0.0006936786230653524
20251118,sell,002678.SZ,0.0008835894986987114
20251118,buy,300730.SZ,0.0026429721619933844
20251118,buy,002715.SZ,0.002379516838118434
20251119,sell,002715.SZ,-0.0007911112625151873
20251119,sell,300695.SZ,0.0014637178974226117
20251119,buy,603129.SH,0.0026058158837258816
20251119,buy,300548.SZ,0.0024503010790795088
20251120,sell,300491.SZ,0.0009342292323708534
20251120,sell,300378.SZ,0.0015362509293481708
20251120,buy,002753.SZ,0.002591204596683383
20251120,buy,600826.SH,0.0024713389575481415
20251121,sell,002753.SZ,-0.0015376489609479904
20251121,sell,600826.SH,-0.0009077221620827913
20251121,buy,300706.SZ,0.002887461334466934
20251121,buy,603038.SH,0.002719458192586899
20251124,sell,603192.SH,0.0012135556899011135
20251124,sell,603129.SH,0.0013896799646317959
20251124,buy,300591.SZ,0.003123630303889513
20251124,buy,002578.SZ,0.0030093106906861067
20251125,sell,603179.SH,0.0008089609909802675
20251125,sell,300548.SZ,0.0009240838699042797
20251125,buy,002114.SZ,0.0029542269185185432
20251125,buy,603421.SH,0.0028753080405294895
20251126,sell,002114.SZ,
20251126,sell,603421.SH,-0.0005370564758777618
20251126,buy,600868.SH,0.003439989872276783
20251126,buy,002397.SZ,0.0029044398106634617
20251127,sell,600868.SH,-0.00018170964904129505
20251127,sell,603038.SH,0.0004651891067624092
20251127,buy,002495.SZ,0.0027314291801303625
20251127,buy,002548.SZ,0.002592511009424925
20251128,sell,002495.SZ,-0.0018867368344217539
20251128,sell,002548.SZ,-0.0006242743693292141
20251128,buy,600227.SH,0.003229315858334303
20251128,buy,000545.SZ,0.002933495445176959
20251201,sell,600227.SH,-0.0009320161771029234
20251201,sell,000545.SZ,-0.0006391357164829969
20251201,buy,002715.SZ,0.0024244242813438177
20251201,buy,002863.SZ,0.002423320198431611
20251202,sell,002578.SZ,-0.0015034577809274197
20251202,sell,002863.SZ,-0.0012412494979798794
20251202,buy,600340.SH,0.0024067405611276627
20251202,buy,603516.SH,0.0022307508625090122
20251203,sell,600340.SH,-0.000545259565114975
20251203,sell,300669.SZ,0.0008261704351752996
20251203,buy,000692.SZ,0.0032758654560893774
20251203,buy,300553.SZ,0.002427781466394663
20251204,sell,000692.SZ,
20251204,sell,600094.SH,0.0007482945220544934
20251204,buy,300475.SZ,0.0025539963971823454
20251204,buy,603978.SH,0.0025145565159618855
20251205,sell,300394.SZ,-0.0005366646219044924
20251205,sell,300706.SZ,0.0010771394008770585
20251205,buy,002779.SZ,0.002851039171218872
20251205,buy,002295.SZ,0.002795245498418808
20251208,sell,002295.SZ,0.0002849444281309843
20251208,sell,300591.SZ,0.0010830162791535258
20251208,buy,603316.SH,0.0024998686276376247
20251208,buy,603278.SH,0.0024273106828331947
20251209,sell,603316.SH,-0.0005269751418381929
20251209,sell,300475.SZ,-0.00020266626961529255
20251209,buy,600576.SH,0.002724680583924055
20251209,buy,300476.SZ,0.0026680254377424717
20251210,sell,603278.SH,-0.003511179471388459
20251210,sell,300476.SZ,4.709349013864994e-05
20251210,buy,002133.SZ,0.003000346478074789
20251210,buy,002251.SZ,0.002924202475696802
20251211,sell,002133.SZ,-0.0010274823289364576
20251211,sell,002779.SZ,-0.0007383036427199841
20251211,buy,300047.SZ,0.002637200988829136
20251211,buy,000035.SZ,0.0023839359637349844
20251212,sell,000035.SZ,-0.0003639794886112213
20251212,sell,300553.SZ,0.00042373407632112503
20251212,buy,002319.SZ,0.0031052278354763985
20251212,buy,002084.SZ,0.0026408371049910784
20251215,sell,002251.SZ,0.00034834304824471474
20251215,sell,002397.SZ,0.0005258850287646055
20251215,buy,603958.SH,0.0030132895335555077
20251215,buy,600408.SH,0.0028860392048954964
20251216,sell,603516.SH,0.0003582958597689867
20251216,sell,300730.SZ,0.000590153387747705
20251216,buy,300723.SZ,0.0030273268930613995
20251216,buy,603226.SH,0.002983424812555313
20251217,sell,002715.SZ,0.0005680037429556251
20251217,sell,600576.SH,0.0015028456691652536
20251217,buy,000632.SZ,0.0029887135606259108
20251217,buy,300250.SZ,0.002963860984891653
20251218,sell,600408.SH,0.0001823857892304659
20251218,sell,603978.SH,0.0016267243772745132
20251218,buy,603879.SH,0.003095656167715788
20251218,buy,000955.SZ,0.0028302473947405815
20251219,sell,002319.SZ,0.0011487581068649888
20251219,sell,300047.SZ,0.0014328474644571543
20251219,buy,002596.SZ,0.003148881485685706
20251219,buy,002133.SZ,0.003108292818069458
20251222,sell,002133.SZ,0.0003848661435768008
20251222,sell,000632.SZ,0.0011645385529845953
20251222,buy,000567.SZ,0.0032149972394108772
20251222,buy,000886.SZ,0.00287783145904541
20251223,sell,000886.SZ,-0.0005302594508975744
20251223,sell,000567.SZ,-0.00039007188752293587
20251223,buy,300736.SZ,0.002671242691576481
20251223,buy,603322.SH,0.0025460694450885057
20251224,sell,002596.SZ,-0.00288847996853292
20251224,sell,000955.SZ,0.00013211043551564217
20251224,buy,000078.SZ,0.0025334791280329227
20251224,buy,002319.SZ,0.002477169269695878
20251225,sell,603879.SH,-2.0488165318965912e-05
20251225,sell,603226.SH,0.0007605970604345202
20251225,buy,600800.SH,0.002461495576426387
20251225,buy,002082.SZ,0.002392388414591551
20251226,sell,002082.SZ,-0.0004082797095179558
20251226,sell,002084.SZ,0.000885521643795073
20251226,buy,002591.SZ,0.0029086240101605654
20251226,buy,002856.SZ,0.002751112449914217
20251229,sell,002856.SZ,0.00029274134431034327
20251229,sell,603958.SH,0.000884290668182075
20251229,buy,300587.SZ,0.0029463632963597775
20251229,buy,603829.SH,0.0025941776111721992
20251230,sell,002591.SZ,
20251230,sell,300723.SZ,0.0011136343237012625
20251230,buy,002702.SZ,0.0026118759997189045
20251230,buy,300670.SZ,0.002468479098752141
20251231,sell,603322.SH,0.0011613857932388783
20251231,sell,300250.SZ,0.0012895308900624514
20251231,buy,300585.SZ,0.002672351198270917
20251231,buy,600280.SH,0.0024689282290637493
